user_id,email,signup_date,company_size,subscription_tier,country
U00001,user1@example.com,2025-11-24,SMALL,Enterprise,Canada
U00002,user2@example.com,2025-04-25,Startup,,USA
U00003,user3@example.com,2025-10-30,Startup,Free,Canada
U00004,user4@example.com,2025-04-30,Startup,PRO,Canada
U00005,user5@example.com,2026-01-02, startup,free,Canada
U00006,,2025-08-18,,Free,UK
U00007,user7@example.com,2025-12-24,Medium,Pro,Canada
U00008,user8@example.com,2026-05-06,Startup,Free,india 
U00009,user9@example.com,2025-02-19,Medium,PRO,Germany
U00010,user10@example.com,2026-02-18,Enterprise,PRO,USA
U00011,user11@example.com,2026-05-14,Startup,PRO,Germany
U00012,user12@example.com,2026-03-01,,Enterprise,Canada
U00013,user13@example.com,2025-12-27,SMALL,Pro,Germany
U00014,user14@example.com,2025-02-10,,Free,india 
U00015,user15@example.com,2025-05-23,,Enterprise,UK
U00016,user16@example.com,2025-07-09,SMALL,Enterprise,
U00017,user17@example.com,2025-11-08, startup,,Canada
U00018,user18@example.com,2025-03-25,Medium,,Canada
U00019,user19@example.com,2025-12-17,,Free,Canada
U00020,user20@example.com,2026-02-25,Medium,free,Germany
U00021,user21@example.com,2025-02-03, startup,,Australia
U00022,user22@example.com,2025-04-19,Enterprise,,U.S.A
U00023,user23@example.com,2025-03-15,Small,,Germany
U00024,user24@example.com,2026-01-18, startup,free,Australia
U00025,user25@example.com,2025-04-23,Small,PRO,U.S.A
U00026,user26@example.com,2025-02-16,,Free,UK
U00027,user27@example.com,2025-11-18,SMALL,free,USA
U00028,user28@example.com,2025-07-17,Enterprise,PRO,Germany
U00029,user29@example.com,2026-05-13,Startup,,USA
U00030,user30@example.com,2025-12-16,,Enterprise,Australia
U00031,user31@example.com,2025-02-27,Small,free,India
U00032,user32@example.com,2026-05-04,SMALL,Enterprise,UK
U00033,user33@example.com,2025-09-17,,,Germany
U00034,user34@example.com,2026-03-07, startup,Pro,UK
U00035,user35@example.com,2025-07-11, startup,PRO,India
U00036,user36@example.com,2025-11-03,Startup,Free,Australia
U00037,user37@example.com,2026-03-26,,Enterprise,Canada
U00038,user38@example.com,2025-01-30, startup,Free,USA
U00039,user39@example.com,2026-01-10,Startup,PRO,UK
U00040,user40@example.com,2025-03-07, startup,Pro,Germany
U00041,user41@example.com,2025-09-28,Enterprise,Pro,Canada
U00042,user42@example.com,2026-01-01,SMALL,,Australia
U00043,user43@example.com,2025-08-13,Enterprise,Free,Canada
U00044,user44@example.com,2025-04-26,Startup,PRO,Canada
U00045,user45@example.com,2025-10-29,Startup,,India
U00046,user46@example.com,2025-04-28,Startup,Enterprise,USA
U00047,user47@example.com,2025-09-21,SMALL,free,Canada
U00048,user48@example.com,2025-10-04, startup,PRO,U.S.A
U00049,user49@example.com,2025-05-05,,free,Canada
U00050,user50@example.com,2025-02-18,Enterprise,Enterprise,india 
U00051,user51@example.com,2025-07-30,SMALL,Free,USA
U00052,user52@example.com,2025-02-01,Medium,Free,Canada
U00053,user53@example.com,2025-04-09,Enterprise,Pro,india 
U00054,user54@example.com,2025-04-04,Small,Free,U.S.A
U00055,user55@example.com,2026-02-18, startup,Free,India
U00056,user56@example.com,2025-11-30,,Free,USA
U00057,user57@example.com,2026-04-20,Small,Pro,india 
U00058,user58@example.com,2025-09-06,,free,India
U00059,user59@example.com,2025-03-26,Enterprise,Enterprise,U.S.A
U00060,user60@example.com,2025-05-27,SMALL,PRO,U.S.A
U00061,user61@example.com,2025-03-21,Small,Free,India
U00062,user62@example.com,2026-01-18,Startup,PRO,U.S.A
U00063,user63@example.com,2025-09-15, startup,Pro,India
U00064,user64@example.com,2026-05-07,,Pro,USA
U00065,user65@example.com,2025-11-01,,Pro,india 
U00066,user66@example.com,2025-03-03, startup,Pro,India
U00067,user67@example.com,2025-11-14,SMALL,PRO,Australia
U00068,user68@example.com,2026-04-24,SMALL,,Australia
U00069,user69@example.com,2025-05-03,Small,,Germany
U00070,user70@example.com,2025-08-23,,Free,India
U00071,user71@example.com,2025-08-23, startup,Free,USA
U00072,user72@example.com,2025-10-03,Medium,Pro,Australia
U00073,user73@example.com,2026-03-28,Small,Enterprise,Germany
U00074,user74@example.com,2025-03-22, startup,,Germany
U00075,user75@example.com,2025-11-10,,,India
U00076,user76@example.com,2025-12-08,Medium,,USA
U00077,user77@example.com,2026-04-26,Medium,Free,USA
U00078,user78@example.com,2026-01-16,Medium,Enterprise,Canada
U00079,user79@example.com,2026-01-03,SMALL,,Germany
U00080,user80@example.com,2025-09-16,,Free,USA
U00081,user81@example.com,2025-11-21,Medium,Free,India
U00082,user82@example.com,2025-06-20,SMALL,Enterprise,UK
U00083,user83@example.com,2026-01-15,SMALL,free,India
U00084,user84@example.com,2025-02-27,SMALL,Pro,India
U00085,user85@example.com,2026-03-04, startup,Pro,india 
U00086,user86@example.com,2025-03-07,Medium,Free,Australia
U00087,user87@example.com,2025-04-18,SMALL,Free,Australia
U00088,user88@example.com,2026-02-04,,free,UK
U00089,user89@example.com,2026-04-19,,Pro,UK
U00090,user90@example.com,2026-03-28,Small,,Australia
U00091,user91@example.com,2026-02-05,,,Canada
U00092,user92@example.com,2025-05-17,SMALL,Free,india 
U00093,user93@example.com,2026-03-23,Enterprise,Pro,Canada
U00094,user94@example.com,2026-02-23,Medium,Enterprise,Canada
U00095,USER95@EXAMPLE.COM,2025-04-25,Small,free,Australia
U00096,user96@example.com,2025-05-23,,Enterprise,Australia
U00097,user97@example.com,2025-11-25,SMALL,PRO,Australia
U00098,USER98@EXAMPLE.COM,2026-04-26,Medium,Pro,Germany
U00099,user99@example.com,2025-01-20,Enterprise,Enterprise,Australia
U00100,user100@example.com,2025-08-12, startup,Free,india 
U00101,user101@example.com,2026-04-06,Medium,Free,india 
U00102,user102@example.com,2025-01-01,,PRO,Canada
U00103,user103@example.com,2025-07-06,SMALL,Enterprise,Australia
U00104,user104@example.com,2025-12-06,SMALL,Enterprise,Germany
U00105,user105@example.com,2025-12-08,Enterprise,,Germany
U00106,user106@example.com,2025-10-11,Enterprise,,india 
U00107,user107@example.com,2025-12-13,Small,PRO,Germany
U00108,user108@example.com,2025-07-27,Startup,Enterprise,Germany
U00109,user109@example.com,2025-04-18, startup,PRO,Australia
U00110,user110@example.com,2025-08-27,SMALL,Pro,U.S.A
U00111,user111@example.com,2026-02-11,,,UK
U00112,user112@example.com,2025-12-04, startup,,Australia
U00113,user113@example.com,2025-02-17,,Pro,Germany
U00114,user114@example.com,2025-04-26,Small,Free,India
U00115,user115@example.com,2025-05-06, startup,Free,U.S.A
U00116,user116@example.com,2025-08-01, startup,Pro,india 
U00117,user117@example.com,2025-09-11,Small,,India
U00118,user118@example.com,2026-04-03,,Free,india 
U00119,user119@example.com,2025-04-23,SMALL,PRO,U.S.A
U00120,user120@example.com,2025-01-26,,Free,U.S.A
U00121,user121@example.com,2025-03-10,SMALL,PRO,Australia
U00122,user122@example.com,2026-05-02,Enterprise,PRO,india 
U00123,user123@example.com,2026-03-02,Enterprise,Pro,U.S.A
U00124,user124@example.com,2025-08-19,Small,,Germany
U00125,user125@example.com,2026-01-28,Enterprise,,Canada
U00126,user126@example.com,2025-05-21,SMALL,Enterprise,Canada
U00127,user127@example.com,2025-05-20, startup,Free,UK
U00128,user128@example.com,2025-03-19,SMALL,Pro,Canada
U00129,user129@example.com,2025-02-02,Medium,PRO,U.S.A
U00130,user130@example.com,2025-08-01,,free,india 
U00131,user131@example.com,2026-04-09,SMALL,Free,india 
U00132,USER132@EXAMPLE.COM,2025-09-02,Medium,Enterprise,india 
U00133,user133@example.com,2026-03-13,,free,Canada
U00134,user134@example.com,2025-09-07,Enterprise,free,India
U00135,user135@example.com,2025-07-19,SMALL,free,UK
U00136,user136@example.com,2026-03-07,Small,PRO,India
U00137,user137@example.com,2026-04-10, startup,,India
U00138,user138@example.com,2025-02-12,Small,free,UK
U00139,user139@example.com,2025-01-26,Medium,Pro,U.S.A
U00140,user140@example.com,2025-06-17,Enterprise,Enterprise,india 
U00141,user141@example.com,2025-05-10,Enterprise,Free,India
U00142,user142@example.com,2026-05-03,SMALL,Free,India
U00143,user143@example.com,2026-01-22,Small,Pro,India
U00144,user144@example.com,2025-11-15,Small,free,USA
U00145,user145@example.com,2025-10-16,Enterprise,,Germany
U00146,user146@example.com,2026-01-28, startup,PRO,USA
U00147,user147@example.com,2026-02-03,Medium,Free,India
U00148,user148@example.com,2026-04-21,SMALL,free,india 
U00149,user149@example.com,2026-04-28,Startup,PRO,Canada
U00150,user150@example.com,2025-02-22,Medium,,USA
U00151,user151@example.com,2026-02-12,,Free,Australia
U00152,user152@example.com,2025-09-30,Medium,Free,Australia
U00153,user153@example.com,2025-01-07,,free,USA
U00154,user154@example.com,2025-08-10,SMALL,free,UK
U00155,user155@example.com,2025-08-11, startup,,Germany
U00156,user156@example.com,2025-11-12, startup,free,U.S.A
U00157,user157@example.com,2025-08-12, startup,Enterprise,Australia
U00158,user158@example.com,2026-03-13,Startup,Enterprise,U.S.A
U00159,user159@example.com,2025-05-05, startup,PRO,india 
U00160,USER160@EXAMPLE.COM,2025-06-22,,Enterprise,UK
U00161,user161@example.com,2025-09-07,,Enterprise,Australia
U00162,user162@example.com,2025-05-24,SMALL,Enterprise,India
U00163,user163@example.com,2025-09-22,Startup,Pro,india 
U00164,user164@example.com,2025-09-08,Small,,U.S.A
U00165,user165@example.com,2025-11-27,Enterprise,Free,USA
U00166,user166@example.com,2025-05-31,SMALL,Pro,Germany
U00167,user167@example.com,2025-12-06,Enterprise,PRO,Australia
U00168,user168@example.com,2025-08-06, startup,Enterprise,Australia
U00169,user169@example.com,2025-12-26,Medium,Enterprise,Canada
U00170,user170@example.com,2025-03-03,Medium,Free,UK
U00171,user171@example.com,2025-04-09,Enterprise,Enterprise,Germany
U00172,user172@example.com,2025-02-21,Medium,Pro,Australia
U00173,user173@example.com,2025-04-02,SMALL,PRO,UK
U00174,user174@example.com,2025-05-21,Startup,PRO,Germany
U00175,user175@example.com,2025-12-24,SMALL,free,USA
U00176,USER176@EXAMPLE.COM,2026-03-23,Medium,free,U.S.A
U00177,user177@example.com,2025-08-14,Startup,Enterprise,U.S.A
U00178,user178@example.com,2025-02-28,Enterprise,free,USA
U00179,user179@example.com,2025-10-23,Startup,Pro,UK
U00180,user180@example.com,2026-02-20,Medium,Free,Canada
U00181,user181@example.com,2025-03-02,Enterprise,PRO,Canada
U00182,user182@example.com,2026-02-02,Enterprise,free,Germany
U00183,user183@example.com,2026-03-17,Enterprise,Enterprise,India
U00184,user184@example.com,2025-11-09,Startup,Pro,Canada
U00185,user185@example.com,2025-05-16,Small,Pro,UK
U00186,user186@example.com,2025-10-10,Startup,free,U.S.A
U00187,user187@example.com,2025-12-19,Medium,Free,Canada
U00188,user188@example.com,2025-05-28,SMALL,free,USA
U00189,user189@example.com,2025-12-18,Medium,,Canada
U00190,user190@example.com,2025-08-06,Small,,UK
U00191,user191@example.com,2026-04-11,Small,Free,India
U00192,user192@example.com,2025-03-26, startup,,Germany
U00193,user193@example.com,2025-08-13,SMALL,Enterprise,india 
U00194,user194@example.com,2026-04-28, startup,free,U.S.A
U00195,user195@example.com,2025-02-11,Enterprise,,Australia
U00196,user196@example.com,2025-11-06,Startup,Pro,India
U00197,user197@example.com,2026-01-27,Medium,PRO,India
U00198,user198@example.com,2026-01-26,Enterprise,PRO,U.S.A
U00199,user199@example.com,2026-04-15, startup,free,U.S.A
U00200,user200@example.com,2026-05-12,Medium,free,Australia
U00201,user201@example.com,2025-06-14,,Pro,Australia
U00202,user202@example.com,2025-07-30,Medium,,india 
U00203,user203@example.com,2026-02-21,Startup,free,USA
U00204,user204@example.com,2025-06-11,Startup,free,India
U00205,user205@example.com,2025-12-03,Enterprise,free,India
U00206,user206@example.com,2025-04-07, startup,free,U.S.A
U00207,user207@example.com,2026-01-25,Medium,PRO,UK
U00208,user208@example.com,2026-04-20,SMALL,free,USA
U00209,user209@example.com,2025-01-15, startup,Pro,UK
U00210,user210@example.com,2025-06-09, startup,free,USA
U00211,user211@example.com,2025-04-26,Startup,free,USA
U00212,user212@example.com,2025-11-28,Enterprise,,Germany
U00213,user213@example.com,2025-09-18,Enterprise,free,U.S.A
U00214,user214@example.com,2025-05-05,Small,free,Canada
U00215,user215@example.com,2026-04-17,SMALL,Pro,USA
U00216,user216@example.com,2025-05-22,,free,Australia
U00217,user217@example.com,2026-04-24,Medium,Free,Germany
U00218,user218@example.com,2026-01-07, startup,PRO,U.S.A
U00219,user219@example.com,2026-03-20, startup,free,Australia
U00220,user220@example.com,2025-06-20, startup,free,U.S.A
U00221,user221@example.com,2026-04-23,Small,,Canada
U00222,user222@example.com,2025-10-20,,free,India
U00223,user223@example.com,2025-06-12,SMALL,free,india 
U00224,user224@example.com,2025-12-06,SMALL,Pro,U.S.A
U00225,user225@example.com,2026-05-09, startup,PRO,Australia
U00226,user226@example.com,2026-03-22,,free,USA
U00227,user227@example.com,2025-09-27,Startup,,UK
U00228,user228@example.com,2025-07-29,Small,Free,U.S.A
U00229,user229@example.com,2026-02-05,Medium,PRO,india 
U00230,user230@example.com,2025-11-29,Medium,,india 
U00231,user231@example.com,2026-05-04,SMALL,free,India
U00232,user232@example.com,2025-11-13,SMALL,,Germany
U00233,user233@example.com,2025-04-27,Enterprise,Free,USA
U00234,user234@example.com,2025-08-16,Medium,Free,India
U00235,user235@example.com,2025-06-16,Medium,Enterprise,Australia
U00236,user236@example.com,2025-08-09, startup,free,UK
U00237,user237@example.com,2025-03-29, startup,free,Canada
U00238,user238@example.com,2025-09-12,Small,Pro,U.S.A
U00239,user239@example.com,2025-11-23,Medium,,India
U00240,user240@example.com,2026-04-06,Medium,,UK
U00241,user241@example.com,2025-02-07,Medium,PRO,Germany
U00242,user242@example.com,2025-11-24,SMALL,Enterprise,U.S.A
U00243,user243@example.com,2026-03-09,Enterprise,free,USA
U00244,user244@example.com,2025-05-02,Medium,PRO,Germany
U00245,user245@example.com,2025-12-25,,,india 
U00246,USER246@EXAMPLE.COM,2025-05-21,,,India
U00247,user247@example.com,2026-04-12,Enterprise,Enterprise,Canada
U00248,user248@example.com,2025-11-07,Small,,Canada
U00249,user249@example.com,2025-11-14,,,UK
U00250,user250@example.com,2025-11-18,SMALL,,India
U00251,user251@example.com,2025-06-08,Startup,PRO,Australia
U00252,user252@example.com,2026-01-10,Medium,Enterprise,india 
U00253,user253@example.com,2025-03-31,,PRO,Australia
U00254,user254@example.com,2025-09-29,Medium,Pro,Germany
U00255,user255@example.com,2026-04-13,Enterprise,Enterprise,Australia
U00256,user256@example.com,2026-02-16,Startup,Pro,Canada
U00257,user257@example.com,2026-03-17,SMALL,free,Australia
U00258,user258@example.com,2025-02-16,Startup,Enterprise,USA
U00259,user259@example.com,2025-08-21,SMALL,,Germany
U00260,user260@example.com,2025-10-27,SMALL,Enterprise,USA
U00261,user261@example.com,2025-12-12,Startup,PRO,Australia
U00262,user262@example.com,2026-04-14,SMALL,Free,U.S.A
U00263,user263@example.com,2026-04-11,SMALL,free,USA
U00264,user264@example.com,2025-03-13,Startup,Enterprise,U.S.A
U00265,user265@example.com,2025-03-01, startup,Pro,india 
U00266,user266@example.com,2025-08-21,SMALL,,india 
U00267,user267@example.com,2025-10-28,Small,free,USA
U00268,user268@example.com,2026-03-03,Enterprise,Enterprise,India
U00269,user269@example.com,2025-12-20,Enterprise,free,Canada
U00270,user270@example.com,2026-03-14,SMALL,Enterprise,Australia
U00271,user271@example.com,2025-02-01,Small,Free,U.S.A
U00272,user272@example.com,2025-02-16,SMALL,,India
U00273,user273@example.com,2025-01-26,Small,Pro,Canada
U00274,user274@example.com,2025-02-05, startup,Pro,Canada
U00275,user275@example.com,2026-02-21,Medium,Pro,India
U00276,user276@example.com,2025-05-22,Small,Pro,Germany
U00277,user277@example.com,2026-02-13,SMALL,Free,UK
U00278,user278@example.com,2025-01-08,,Pro,Australia
U00279,user279@example.com,2025-01-09,Startup,Pro,india 
U00280,user280@example.com,2025-09-27,Startup,free,U.S.A
U00281,user281@example.com,2026-02-03, startup,Free,U.S.A
U00282,user282@example.com,2025-09-15, startup,Free,Germany
U00283,user283@example.com,2025-08-23,Startup,Free,U.S.A
U00284,user284@example.com,2026-03-10,SMALL,Free,U.S.A
U00285,user285@example.com,2025-12-31,Startup,Free,Australia
U00286,user286@example.com,2025-11-08,Small,Enterprise,Australia
U00287,user287@example.com,2025-07-15, startup,Enterprise,U.S.A
U00288,user288@example.com,2025-09-16,Startup,,USA
U00289,user289@example.com,2026-03-13,,PRO,Canada
U00290,user290@example.com,2025-08-09,Small,free,Australia
U00291,user291@example.com,2026-02-28,Enterprise,,USA
U00292,user292@example.com,2025-06-10,SMALL,Enterprise,Australia
U00293,user293@example.com,2026-05-04,Enterprise,Free,USA
U00294,user294@example.com,2026-03-02,Enterprise,Free,Australia
U00295,user295@example.com,2026-02-20,Startup,PRO,Australia
U00296,user296@example.com,2025-12-10,Medium,,india 
U00297,user297@example.com,2026-03-21,Startup,Enterprise,Germany
U00298,user298@example.com,2025-06-30, startup,Pro,UK
U00299,user299@example.com,2025-12-03,,Free,Australia
U00300,user300@example.com,2026-03-09,Startup,Enterprise,Canada
U00301,user301@example.com,2026-02-18, startup,PRO,India
U00302,user302@example.com,2025-11-08,,,Germany
U00303,user303@example.com,2025-01-15,SMALL,Enterprise,Australia
U00304,USER304@EXAMPLE.COM,2025-06-29,,Pro,india 
U00305,user305@example.com,2025-02-05,SMALL,Free,USA
U00306,user306@example.com,2026-01-18,Enterprise,free,U.S.A
U00307,user307@example.com,2025-06-24,Medium,,Australia
U00308,user308@example.com,2026-02-02, startup,Free,India
U00309,user309@example.com,2025-03-21, startup,Free,USA
U00310,user310@example.com,2025-05-20,Enterprise,free,U.S.A
U00311,user311@example.com,2025-08-01,,PRO,USA
U00312,user312@example.com,2025-06-26,Medium,,U.S.A
U00313,user313@example.com,2025-09-27,Startup,Pro,india 
U00314,user314@example.com,2025-11-03,Small,Enterprise,Canada
U00315,user315@example.com,2026-01-28,Medium,Enterprise,Australia
U00316,USER316@EXAMPLE.COM,2025-03-03,SMALL,free,UK
U00317,user317@example.com,2025-03-08,SMALL,Pro,Australia
U00318,user318@example.com,2025-02-06,SMALL,Free,india 
U00319,user319@example.com,2025-01-10,Startup,Enterprise,india 
U00320,user320@example.com,2025-10-21,SMALL,free,Germany
U00321,user321@example.com,2025-02-28,Medium,Pro,U.S.A
U00322,user322@example.com,2026-03-02,Medium,Free,india 
U00323,user323@example.com,2026-03-09,Enterprise,PRO,india 
U00324,user324@example.com,2025-09-26,,Enterprise,Australia
U00325,user325@example.com,2025-04-24,Small,Free,USA
U00326,user326@example.com,2025-09-29,,Enterprise,Australia
U00327,user327@example.com,2026-01-08,SMALL,Pro,Canada
U00328,user328@example.com,2025-02-22,Small,Pro,UK
U00329,user329@example.com,2026-01-25,Startup,Pro,U.S.A
U00330,user330@example.com,2025-08-26,,PRO,U.S.A
U00331,user331@example.com,2025-12-15, startup,,Australia
U00332,user332@example.com,2026-03-19,Medium,Pro,U.S.A
U00333,user333@example.com,2025-02-04,SMALL,Enterprise,Germany
U00334,user334@example.com,2025-10-30, startup,Free,Germany
U00335,user335@example.com,2025-08-25,Startup,Enterprise,Germany
U00336,user336@example.com,2025-02-09,,Free,india 
U00337,user337@example.com,2025-08-25,,,India
U00338,user338@example.com,2025-08-19, startup,,Canada
U00339,user339@example.com,2025-06-14, startup,Pro,India
U00340,user340@example.com,2025-08-19,,Enterprise,USA
U00341,user341@example.com,2025-09-16,Startup,Pro,U.S.A
U00342,user342@example.com,2025-08-13, startup,Pro,Australia
U00343,user343@example.com,2025-07-10,Enterprise,free,Australia
U00344,user344@example.com,2025-12-14,,,Australia
U00345,user345@example.com,2025-02-03, startup,,india 
U00346,user346@example.com,2025-05-26,,,UK
U00347,user347@example.com,2025-06-20,SMALL,Pro,Australia
U00348,user348@example.com,2025-06-08,SMALL,,india 
U00349,user349@example.com,2025-03-08,Startup,Enterprise,india 
U00350,user350@example.com,2025-11-26,,Pro,USA
U00351,user351@example.com,2025-11-27, startup,Enterprise,India
U00352,user352@example.com,2025-07-05,Small,Enterprise,U.S.A
U00353,user353@example.com,2025-04-09,Small,Pro,USA
U00354,user354@example.com,2025-06-01,Startup,PRO,India
U00355,user355@example.com,2025-12-05,,PRO,UK
U00356,user356@example.com,2025-11-02,Small,Pro,UK
U00357,user357@example.com,2026-01-05,Enterprise,Enterprise,Canada
U00358,user358@example.com,2026-05-12,Medium,,U.S.A
U00359,user359@example.com,2025-04-30,Medium,free,Canada
U00360,user360@example.com,2025-07-08, startup,free,U.S.A
U00361,user361@example.com,2026-01-29,Enterprise,PRO,india 
U00362,user362@example.com,2026-05-10,Small,PRO,UK
U00363,user363@example.com,2026-03-23,SMALL,free,Australia
U00364,user364@example.com,2025-10-11,SMALL,PRO,USA
U00365,user365@example.com,2025-05-26,Small,Enterprise,U.S.A
U00366,user366@example.com,2026-04-09,,free,USA
U00367,user367@example.com,2026-04-30,,free,Australia
U00368,USER368@EXAMPLE.COM,2026-04-22,Startup,free,Australia
U00369,user369@example.com,2025-05-01,Startup,Enterprise,Canada
U00370,user370@example.com,2025-01-15,Startup,,Australia
U00371,user371@example.com,2026-02-10,Startup,Enterprise,U.S.A
U00372,user372@example.com,2025-12-23,,,U.S.A
U00373,user373@example.com,2025-08-18,Startup,Free,Germany
U00374,user374@example.com,2025-04-21, startup,,india 
U00375,user375@example.com,2025-02-26,Small,Enterprise,USA
U00376,user376@example.com,2025-01-25,SMALL,PRO,U.S.A
U00377,user377@example.com,2025-02-02,Enterprise,PRO,India
U00378,user378@example.com,2025-11-20,Small,,UK
U00379,user379@example.com,2025-05-30, startup,Enterprise,Canada
U00380,user380@example.com,2025-10-20,SMALL,,USA
U00381,user381@example.com,2025-09-26,Startup,PRO,India
U00382,user382@example.com,2025-07-19,Startup,,india 
U00383,user383@example.com,2025-07-11,Startup,Enterprise,USA
U00384,user384@example.com,2025-06-26,SMALL,,USA
U00385,user385@example.com,2026-01-31,,Enterprise,UK
U00386,user386@example.com,2025-01-23,Medium,,UK
U00387,user387@example.com,2026-03-02,Enterprise,,U.S.A
U00388,user388@example.com,2025-11-20,Small,Free,U.S.A
U00389,user389@example.com,2025-01-19,Startup,Pro,India
U00390,user390@example.com,2025-06-11, startup,free,U.S.A
U00391,user391@example.com,2025-05-10,SMALL,Pro,Germany
U00392,user392@example.com,2025-07-02,Startup,,Australia
U00393,user393@example.com,2025-05-20,Medium,free,india 
U00394,user394@example.com,2026-01-16,Enterprise,Enterprise,UK
U00395,user395@example.com,2025-09-12,Medium,PRO,Germany
U00396,user396@example.com,2026-02-15,Enterprise,Free,india 
U00397,user397@example.com,2025-11-05,Small,PRO,Germany
U00398,user398@example.com,2025-06-14,Medium,,Germany
U00399,user399@example.com,2025-06-06,SMALL,free,UK
U00400,user400@example.com,2025-12-20,Enterprise,Free,Australia
U00401,user401@example.com,2025-11-11,Medium,,India
U00402,user402@example.com,2025-02-08,Enterprise,Enterprise,UK
U00403,user403@example.com,2026-05-03,,PRO,U.S.A
U00404,user404@example.com,2025-01-18,Small,,Australia
U00405,user405@example.com,2025-07-05, startup,Free,UK
U00406,user406@example.com,2025-12-14,Medium,Enterprise,U.S.A
U00407,user407@example.com,2026-01-26,Small,PRO,Australia
U00408,user408@example.com,2025-07-23,Medium,Pro,USA
U00409,user409@example.com,2025-01-14,Enterprise,PRO,india 
U00410,user410@example.com,2026-04-13,Medium,Enterprise,U.S.A
U00411,user411@example.com,2025-04-20,Medium,,U.S.A
U00412,user412@example.com,2025-04-13,,Free,U.S.A
U00413,user413@example.com,2025-03-30,Enterprise,Free,Australia
U00414,user414@example.com,2025-12-08,Startup,PRO,Germany
U00415,user415@example.com,2026-04-02,Small,,UK
U00416,user416@example.com,2026-02-11,Small,Free,Canada
U00417,user417@example.com,2026-02-10,,free,India
U00418,user418@example.com,2025-07-04,Medium,free,UK
U00419,user419@example.com,2025-11-10,Startup,Enterprise,india 
U00420,user420@example.com,2026-01-03, startup,free,india 
U00421,user421@example.com,2026-02-26,Small,Enterprise,USA
U00422,user422@example.com,2025-08-19, startup,Enterprise,UK
U00423,user423@example.com,2026-03-26, startup,,UK
U00424,user424@example.com,2026-01-29,Enterprise,PRO,India
U00425,user425@example.com,2026-03-02,Small,Enterprise,UK
U00426,user426@example.com,2025-03-24,SMALL,Pro,Australia
U00427,user427@example.com,2026-05-01,Medium,Free,Germany
U00428,user428@example.com,2025-04-11, startup,Enterprise,UK
U00429,user429@example.com,2025-11-17, startup,Free,UK
U00430,user430@example.com,2025-10-31,Small,Pro,Australia
U00431,user431@example.com,2026-03-08,Startup,Free,USA
U00432,user432@example.com,2025-01-24,,PRO,Germany
U00433,user433@example.com,2025-11-30, startup,free,India
U00434,user434@example.com,2025-09-12, startup,Enterprise,Germany
U00435,user435@example.com,2025-09-05,,,india 
U00436,user436@example.com,2025-06-02,SMALL,Free,UK
U00437,user437@example.com,2025-08-14,Enterprise,Pro,Australia
U00438,user438@example.com,2025-11-07,,,Australia
U00439,user439@example.com,2026-01-11,Medium,free,UK
U00440,user440@example.com,2026-01-25, startup,Free,Australia
U00441,user441@example.com,2025-05-04,Medium,free,Canada
U00442,user442@example.com,2025-03-14,Medium,free,india 
U00443,user443@example.com,2025-05-08,Small,Enterprise,Australia
U00444,user444@example.com,2025-04-08,Enterprise,PRO,U.S.A
U00445,user445@example.com,2025-09-13,Enterprise,Free,USA
U00446,user446@example.com,2026-04-29,Enterprise,Pro,Canada
U00447,user447@example.com,2025-10-26,Startup,Enterprise,U.S.A
U00448,user448@example.com,2025-11-02,SMALL,,U.S.A
U00449,user449@example.com,2025-05-27,,Free,india 
U00450,user450@example.com,2025-03-10,SMALL,Enterprise,india 
U00451,user451@example.com,2025-07-07,Startup,PRO,Canada
U00452,user452@example.com,2025-07-05,Startup,free,U.S.A
U00453,user453@example.com,2026-01-27,,PRO,USA
U00454,user454@example.com,2025-03-07,Enterprise,Enterprise,Australia
U00455,user455@example.com,2025-10-13,,Pro,Canada
U00456,user456@example.com,2025-11-05, startup,Free,India
U00457,user457@example.com,2025-01-20,Medium,free,U.S.A
U00458,user458@example.com,2025-03-18, startup,Pro,Australia
U00459,user459@example.com,2026-04-22,Small,free,Germany
U00460,user460@example.com,2025-10-31,,PRO,U.S.A
U00461,user461@example.com,2025-12-29,Enterprise,Free,Australia
U00462,user462@example.com,2025-06-19,Enterprise,PRO,Germany
U00463,user463@example.com,2026-02-12,,,India
U00464,user464@example.com,2025-11-02,SMALL,PRO,Canada
U00465,user465@example.com,2026-01-05,Enterprise,Pro,india 
U00466,user466@example.com,2025-03-17,Small,Free,USA
U00467,USER467@EXAMPLE.COM,2025-04-08,Medium,free,UK
U00468,user468@example.com,2025-07-31,Enterprise,PRO,U.S.A
U00469,user469@example.com,2026-03-23,SMALL,Free,UK
U00470,user470@example.com,2025-09-23,Medium,,U.S.A
U00471,user471@example.com,2025-09-27,Small,free,Australia
U00472,user472@example.com,2025-10-07,,,Germany
U00473,user473@example.com,2025-11-09,Small,Enterprise,Germany
U00474,user474@example.com,2025-04-26,Medium,Enterprise,Canada
U00475,user475@example.com,2025-12-20,Medium,free,Australia
U00476,user476@example.com,2025-10-14,,,Germany
U00477,user477@example.com,2025-05-28,SMALL,PRO,india 
U00478,user478@example.com,2026-04-04,,Enterprise,UK
U00479,user479@example.com,2025-05-29,SMALL,Free,Australia
U00480,user480@example.com,2026-04-19,Medium,,U.S.A
U00481,user481@example.com,2025-04-20, startup,Enterprise,Germany
U00482,user482@example.com,2025-03-12,SMALL,PRO,Canada
U00483,user483@example.com,2025-05-05, startup,Pro,Canada
U00484,user484@example.com,2025-01-27,Medium,,U.S.A
U00485,user485@example.com,2025-02-21,Small,Free,UK
U00486,user486@example.com,2025-07-28,Enterprise,free,Canada
U00487,user487@example.com,2026-01-23,Medium,Enterprise,India
U00488,user488@example.com,2026-04-10,SMALL,PRO,Canada
U00489,user489@example.com,2025-10-01,,Free,UK
U00490,user490@example.com,2025-08-02,Small,Free,india 
U00491,user491@example.com,2026-02-08,SMALL,Enterprise,India
U00492,user492@example.com,2025-01-05, startup,Free,Australia
U00493,user493@example.com,2025-05-26,SMALL,PRO,U.S.A
U00494,user494@example.com,2026-04-01,,PRO,U.S.A
U00495,user495@example.com,2025-05-20,Startup,Enterprise,UK
U00496,user496@example.com,2026-01-10,Medium,,UK
U00497,user497@example.com,2025-01-08,,Enterprise,Canada
U00498,user498@example.com,2025-03-31,SMALL,free,india 
U00499,user499@example.com,2025-09-21,Enterprise,,USA
U00500,user500@example.com,2025-04-05,Enterprise,Enterprise,Canada
U00501,user501@example.com,2025-01-04,Small,free,Germany
U00502,user502@example.com,2026-05-04, startup,,India
U00503,user503@example.com,2025-05-14,SMALL,Pro,India
U00504,user504@example.com,2025-12-08,Medium,Pro,india 
U00505,user505@example.com,2025-12-18,SMALL,Enterprise,USA
U00506,user506@example.com,2025-11-24,Medium,Enterprise,Canada
U00507,user507@example.com,2025-04-23,Enterprise,Pro,U.S.A
U00508,user508@example.com,2026-01-18,Medium,free,U.S.A
U00509,user509@example.com,2026-01-23,SMALL,Pro,Canada
U00510,user510@example.com,2025-12-15,,Free,U.S.A
U00511,user511@example.com,2025-09-28,Startup,PRO,USA
U00512,user512@example.com,2025-02-01, startup,Pro,UK
U00513,user513@example.com,2025-03-26, startup,free,USA
U00514,user514@example.com,2025-12-15, startup,free,USA
U00515,user515@example.com,2026-04-06,,Free,U.S.A
U00516,user516@example.com,2025-03-09,Enterprise,PRO,India
U00517,user517@example.com,2025-10-14,,Enterprise,India
U00518,user518@example.com,2025-07-22,Startup,,Canada
U00519,user519@example.com,2025-10-24,Enterprise,Enterprise,USA
U00520,user520@example.com,2025-10-05,Startup,free,India
U00521,user521@example.com,2025-05-27,,Pro,india 
U00522,user522@example.com,2025-07-11,Enterprise,free,india 
U00523,user523@example.com,2025-07-12,SMALL,PRO,UK
U00524,user524@example.com,2025-12-01,Startup,Pro,india 
U00525,user525@example.com,2025-09-28,Small,Free,India
U00526,user526@example.com,2026-05-16,SMALL,,india 
U00527,user527@example.com,2025-09-30,Small,Pro,U.S.A
U00528,user528@example.com,2025-06-27,Small,,USA
U00529,user529@example.com,2025-01-17,Enterprise,PRO,India
U00530,user530@example.com,2025-05-04,Startup,PRO,India
U00531,user531@example.com,2025-08-17,SMALL,Free,Canada
U00532,user532@example.com,2026-01-15,Enterprise,Pro,Canada
U00533,user533@example.com,2026-01-22,Startup,Pro,Germany
U00534,user534@example.com,2025-04-30,SMALL,PRO,Australia
U00535,user535@example.com,2025-10-23,SMALL,Enterprise,Canada
U00536,user536@example.com,2025-06-04,SMALL,PRO,Canada
U00537,user537@example.com,2025-07-31,Startup,PRO,UK
U00538,user538@example.com,2025-11-17, startup,free,India
U00539,user539@example.com,2026-05-13,SMALL,,india 
U00540,user540@example.com,2026-02-07,SMALL,free,india 
U00541,user541@example.com,2025-03-18,Small,PRO,U.S.A
U00542,user542@example.com,2025-05-04,Medium,,UK
U00543,user543@example.com,2026-02-17,Startup,PRO,india 
U00544,user544@example.com,2026-05-11, startup,Pro,india 
U00545,user545@example.com,2025-05-05,Medium,,USA
U00546,user546@example.com,2026-04-18,Medium,Free,Canada
U00547,user547@example.com,2025-01-27,SMALL,PRO,India
U00548,user548@example.com,2026-03-24,,PRO,Canada
U00549,user549@example.com,2025-09-03,Medium,Enterprise,India
U00550,user550@example.com,2025-04-19,SMALL,Free,U.S.A
U00551,user551@example.com,2026-04-14, startup,,Canada
U00552,user552@example.com,2025-07-23, startup,Enterprise,Germany
U00553,user553@example.com,2025-07-14,SMALL,Enterprise,Germany
U00554,user554@example.com,2025-05-14,Enterprise,free,USA
U00555,user555@example.com,2026-02-16,Enterprise,Enterprise,Canada
U00556,user556@example.com,2025-07-09,Startup,PRO,Canada
U00557,user557@example.com,2026-01-15,Medium,PRO,india 
U00558,user558@example.com,2025-06-01,Medium,Pro,india 
U00559,user559@example.com,2025-10-19,Enterprise,PRO,Australia
U00560,user560@example.com,2025-05-12,Enterprise,,U.S.A
U00561,user561@example.com,2025-08-24,,Enterprise,UK
U00562,user562@example.com,2025-03-13,Enterprise,Pro,India
U00563,user563@example.com,2025-09-26,,Free,India
U00564,USER564@EXAMPLE.COM,2026-01-27,Small,,Canada
U00565,user565@example.com,2025-02-04,Startup,Pro,U.S.A
U00566,user566@example.com,2025-07-11,SMALL,,U.S.A
U00567,user567@example.com,2025-12-04,Startup,PRO,india 
U00568,USER568@EXAMPLE.COM,2025-01-07,SMALL,Enterprise,Germany
U00569,user569@example.com,2025-01-09,SMALL,,india 
U00570,user570@example.com,2026-02-17,Small,Free,USA
U00571,user571@example.com,2025-09-26,Small,PRO,Germany
U00572,user572@example.com,2026-02-22,,free,USA
U00573,user573@example.com,2025-07-11,Enterprise,PRO,Canada
U00574,user574@example.com,2025-12-23,SMALL,Free,India
U00575,user575@example.com,2025-02-17,Enterprise,PRO,U.S.A
U00576,user576@example.com,2025-01-29,SMALL,Pro,USA
U00577,user577@example.com,2025-09-13,SMALL,Enterprise,USA
U00578,user578@example.com,2026-04-04,Startup,Pro,Canada
U00579,user579@example.com,2026-04-07, startup,free,Germany
U00580,user580@example.com,2025-01-24,SMALL,Enterprise,India
U00581,user581@example.com,2025-04-02,Medium,Free,Canada
U00582,user582@example.com,2025-10-28,,,india 
U00583,user583@example.com,2026-04-21,Small,PRO,Canada
U00584,user584@example.com,2025-10-18,Enterprise,,Australia
U00585,user585@example.com,2025-07-16,Small,,USA
U00586,user586@example.com,2025-09-14,Medium,Free,USA
U00587,user587@example.com,2025-08-12,Startup,Enterprise,india 
U00588,user588@example.com,2026-05-12,Startup,,Germany
U00589,user589@example.com,2026-02-06,Enterprise,Pro,Australia
U00590,user590@example.com,2025-10-11,Enterprise,Pro,india 
U00591,user591@example.com,2025-02-13,Medium,Pro,USA
U00592,user592@example.com,2025-02-12,Enterprise,,UK
U00593,user593@example.com,2026-01-14,Medium,Free,USA
U00594,user594@example.com,2025-01-03,Enterprise,Enterprise,Germany
U00595,user595@example.com,2025-02-22,Small,free,U.S.A
U00596,user596@example.com,2025-10-13,Enterprise,Free,India
U00597,user597@example.com,2025-02-15,Startup,PRO,Australia
U00598,user598@example.com,2026-03-19,Medium,free,india 
U00599,user599@example.com,2026-02-03, startup,Pro,UK
U00600,user600@example.com,2025-12-17,Small,Enterprise,Germany
U00601,user601@example.com,2025-05-18,Startup,Pro,india 
U00602,user602@example.com,2025-05-22,Enterprise,Free,Australia
U00603,user603@example.com,2025-05-09,SMALL,,U.S.A
U00604,user604@example.com,2025-11-01,Enterprise,Free,UK
U00605,USER605@EXAMPLE.COM,2025-06-05,Enterprise,Enterprise,india 
U00606,user606@example.com,2026-02-16,Enterprise,Enterprise,india 
U00607,user607@example.com,2026-02-22,SMALL,PRO,UK
U00608,user608@example.com,2025-06-03,SMALL,Pro,U.S.A
U00609,user609@example.com,2025-06-10,Enterprise,Enterprise,Germany
U00610,user610@example.com,2026-01-12,Enterprise,PRO,Canada
U00611,user611@example.com,2025-06-16,,free,Australia
U00612,user612@example.com,2025-02-28,Small,PRO,UK
U00613,user613@example.com,2025-12-16,Startup,,U.S.A
U00614,user614@example.com,2026-04-28,Enterprise,Enterprise,USA
U00615,user615@example.com,2026-02-24,,free,U.S.A
U00616,user616@example.com,2025-03-13,Small,Enterprise,UK
U00617,user617@example.com,2026-01-02,Enterprise,Free,U.S.A
U00618,user618@example.com,2025-11-03,Enterprise,PRO,india 
U00619,user619@example.com,2025-10-06,Medium,,USA
U00620,user620@example.com,2025-02-25,SMALL,,Australia
U00621,user621@example.com,2025-03-27,Startup,PRO,india 
U00622,user622@example.com,2026-05-11,,free,USA
U00623,user623@example.com,2025-01-06,Small,PRO,Canada
U00624,user624@example.com,2025-08-17,Enterprise,,UK
U00625,user625@example.com,2025-06-26,Enterprise,Free,Germany
U00626,user626@example.com,2025-08-01,Startup,Free,UK
U00627,user627@example.com,2025-06-28,Enterprise,Pro,U.S.A
U00628,user628@example.com,2025-06-28,Enterprise,,U.S.A
U00629,user629@example.com,2025-06-13,Startup,,USA
U00630,user630@example.com,2025-01-12,SMALL,Free,UK
U00631,user631@example.com,2026-04-22,Small,PRO,UK
U00632,user632@example.com,2025-10-10, startup,free,U.S.A
U00633,user633@example.com,2025-04-29,SMALL,Pro,UK
U00634,user634@example.com,2025-11-24,Enterprise,Free,Canada
U00635,user635@example.com,2025-08-19,Enterprise,Free,Canada
U00636,user636@example.com,2025-04-16,SMALL,Free,USA
U00637,user637@example.com,2026-02-14,Small,Enterprise,Australia
U00638,user638@example.com,2025-04-11,Medium,,U.S.A
U00639,user639@example.com,2025-09-28,Medium,PRO,india 
U00640,user640@example.com,2025-11-09,Startup,Enterprise,Australia
U00641,user641@example.com,2026-03-09,Small,,Germany
U00642,user642@example.com,2026-04-16,Startup,,UK
U00643,user643@example.com,2025-06-10,Medium,Free,UK
U00644,user644@example.com,2025-07-11, startup,free,india 
U00645,user645@example.com,2025-11-02,Enterprise,free,UK
U00646,user646@example.com,2025-09-07,SMALL,,UK
U00647,user647@example.com,2025-10-12,Medium,Pro,UK
U00648,user648@example.com,2025-06-11, startup,Free,Australia
U00649,USER649@EXAMPLE.COM,2026-05-03,Small,Pro,india 
U00650,user650@example.com,2026-05-09,SMALL,free,india 
U00651,user651@example.com,2025-12-17,SMALL,free,U.S.A
U00652,user652@example.com,2025-03-27,Startup,Pro,Germany
U00653,user653@example.com,2025-01-17, startup,Enterprise,UK
U00654,user654@example.com,2026-02-04,SMALL,free,USA
U00655,user655@example.com,2025-10-21,,PRO,Australia
U00656,user656@example.com,2025-10-05,Startup,,U.S.A
U00657,user657@example.com,2025-10-07,Enterprise,Free,Canada
U00658,user658@example.com,2025-06-02,Startup,free,Germany
U00659,user659@example.com,2025-06-28,Startup,free,USA
U00660,user660@example.com,2026-02-02,Small,,Australia
U00661,user661@example.com,2026-03-17,SMALL,free,UK
U00662,user662@example.com,2025-11-12,Small,Pro,India
U00663,user663@example.com,2025-10-19,Medium,PRO,UK
U00664,user664@example.com,2025-06-15,Medium,Enterprise,Germany
U00665,user665@example.com,2026-05-03,SMALL,Free,UK
U00666,user666@example.com,2026-05-08,Enterprise,Free,Germany
U00667,user667@example.com,2026-03-20,SMALL,Pro,Canada
U00668,user668@example.com,2025-03-16,,Pro,india 
U00669,user669@example.com,2025-09-08,SMALL,Enterprise,india 
U00670,user670@example.com,2025-07-12,SMALL,Free,india 
U00671,user671@example.com,2025-09-21,SMALL,Enterprise,U.S.A
U00672,user672@example.com,2026-05-02, startup,Free,USA
U00673,user673@example.com,2026-01-10,SMALL,,Australia
U00674,user674@example.com,2026-03-12, startup,free,Canada
U00675,user675@example.com,2026-05-11,Small,free,Germany
U00676,user676@example.com,2025-06-15,Medium,PRO,UK
U00677,user677@example.com,2025-10-17,,Enterprise,India
U00678,user678@example.com,2025-01-24,,free,India
U00679,user679@example.com,2025-03-05,Small,free,U.S.A
U00680,user680@example.com,2025-01-01,Enterprise,Pro,UK
U00681,user681@example.com,2026-03-28,Small,Enterprise,USA
U00682,user682@example.com,2025-12-02,Startup,Enterprise,UK
U00683,user683@example.com,2025-01-27,Medium,,Canada
U00684,user684@example.com,2025-08-08,SMALL,Free,India
U00685,user685@example.com,2025-04-20,Small,PRO,Canada
U00686,user686@example.com,2025-09-23,Startup,Free,Australia
U00687,user687@example.com,2026-02-23,,free,UK
U00688,user688@example.com,2025-09-02,Enterprise,Free,USA
U00689,user689@example.com,2025-02-22,Medium,Pro,india 
U00690,user690@example.com,2026-02-01,,Pro,UK
U00691,user691@example.com,2025-02-05,Startup,PRO,UK
U00692,user692@example.com,2025-08-14,Small,,UK
U00693,user693@example.com,2026-04-16,SMALL,free,Canada
U00694,user694@example.com,2025-02-14,Small,Free,india 
U00695,user695@example.com,2025-06-29,Medium,Pro,Canada
U00696,user696@example.com,2025-05-22,Small,PRO,Germany
U00697,user697@example.com,2026-02-03,Startup,,Germany
U00698,user698@example.com,2025-04-16, startup,Pro,india 
U00699,user699@example.com,2025-06-01,,Pro,U.S.A
U00700,user700@example.com,2025-07-17,Enterprise,,USA
U00701,user701@example.com,2025-09-28,Startup,Enterprise,Australia
U00702,user702@example.com,2025-03-09,,PRO,india 
U00703,user703@example.com,2025-07-07,Small,free,USA
U00704,user704@example.com,2025-01-09,Startup,Enterprise,Canada
U00705,user705@example.com,2025-01-21,,free,Germany
U00706,user706@example.com,2025-11-18,,free,india 
U00707,user707@example.com,2025-12-26,SMALL,PRO,UK
U00708,user708@example.com,2025-05-23,Startup,PRO,Canada
U00709,user709@example.com,2026-05-14, startup,Enterprise,india 
U00710,user710@example.com,2025-10-28,,,USA
U00711,user711@example.com,2025-06-08,SMALL,Pro,India
U00712,user712@example.com,2025-05-06,Enterprise,Free,U.S.A
U00713,user713@example.com,2025-11-10,Medium,,UK
U00714,USER714@EXAMPLE.COM,2025-03-03,Small,,India
U00715,user715@example.com,2025-03-25,Medium,PRO,Germany
U00716,user716@example.com,2025-03-27,SMALL,Enterprise,USA
U00717,user717@example.com,2026-01-30,Medium,free,Germany
U00718,user718@example.com,2025-09-26,SMALL,PRO,USA
U00719,user719@example.com,2025-09-12,Medium,Free,U.S.A
U00720,user720@example.com,2026-03-16,Medium,Pro,Germany
U00721,user721@example.com,2026-01-31, startup,,USA
U00722,user722@example.com,2025-04-27,Startup,Free,India
U00723,user723@example.com,2025-05-06,Medium,free,UK
U00724,user724@example.com,2025-04-02,,Free,india 
U00725,user725@example.com,2025-04-25,Enterprise,,Australia
U00726,user726@example.com,2025-05-19, startup,Enterprise,USA
U00727,user727@example.com,2025-09-15,Startup,Pro,Canada
U00728,user728@example.com,2026-02-16,Startup,free,USA
U00729,user729@example.com,2026-03-26,Medium,Enterprise,Australia
U00730,user730@example.com,2025-02-14,Startup,Enterprise,Canada
U00731,user731@example.com,2025-05-30,Medium,,Canada
U00732,user732@example.com,2025-08-26,Enterprise,Pro,Canada
U00733,USER733@EXAMPLE.COM,2025-03-19,Enterprise,Free,Canada
U00734,user734@example.com,2025-10-05,,,India
U00735,user735@example.com,2026-05-02,,,india 
U00736,user736@example.com,2026-03-11,Medium,Free,Canada
U00737,user737@example.com,2025-09-29,Enterprise,free,India
U00738,user738@example.com,2026-05-13,SMALL,Enterprise,USA
U00739,user739@example.com,2025-01-23,,PRO,india 
U00740,user740@example.com,2025-12-25,Enterprise,,USA
U00741,user741@example.com,2025-10-25,Small,,india 
U00742,user742@example.com,2025-02-08,Startup,free,UK
U00743,user743@example.com,2025-05-02,,Enterprise,india 
U00744,user744@example.com,2025-12-25,Medium,Enterprise,U.S.A
U00745,user745@example.com,2025-05-20,Small,Pro,USA
U00746,user746@example.com,2025-03-21,Enterprise,free,Australia
U00747,user747@example.com,2025-07-28,Medium,Pro,U.S.A
U00748,user748@example.com,2025-06-07,,Free,USA
U00749,user749@example.com,2025-03-22,Medium,,India
U00750,user750@example.com,2025-04-21,Medium,Pro,USA
U00751,user751@example.com,2025-12-31,Medium,free,India
U00752,user752@example.com,2025-12-13,,Pro,India
U00753,user753@example.com,2026-05-03,Enterprise,PRO,Canada
U00754,user754@example.com,2025-02-18,,Pro,USA
U00755,user755@example.com,2025-01-07,,Pro,UK
U00756,user756@example.com,2025-04-12,Medium,,USA
U00757,user757@example.com,2025-10-26,,Free,India
U00758,user758@example.com,2025-02-03,SMALL,free,UK
U00759,user759@example.com,2025-02-17,,Enterprise,USA
U00760,user760@example.com,2025-01-22,Startup,Pro,india 
U00761,user761@example.com,2026-02-25,Enterprise,Free,india 
U00762,user762@example.com,2025-12-16,Medium,Pro,UK
U00763,user763@example.com,2025-05-21,Small,Free,Canada
U00764,user764@example.com,2025-11-28,Enterprise,PRO,U.S.A
U00765,user765@example.com,2025-02-01,Enterprise,Pro,india 
U00766,user766@example.com,2025-04-13,,PRO,Canada
U00767,user767@example.com,2025-11-19, startup,Free,india 
U00768,user768@example.com,2026-02-05,Enterprise,PRO,U.S.A
U00769,user769@example.com,2025-06-26, startup,Enterprise,india 
U00770,user770@example.com,2025-05-19,Medium,PRO,Canada
U00771,user771@example.com,2025-01-16,,Enterprise,India
U00772,user772@example.com,2026-02-19, startup,Enterprise,Canada
U00773,user773@example.com,2026-05-14,Small,,Canada
U00774,user774@example.com,2025-05-17,,,India
U00775,user775@example.com,2026-01-27,Small,PRO,india 
U00776,user776@example.com,2025-07-01,,Pro,UK
U00777,user777@example.com,2025-05-02,,,Australia
U00778,user778@example.com,2026-04-13,SMALL,,Australia
U00779,user779@example.com,2026-05-01,Small,PRO,Canada
U00780,user780@example.com,2026-03-05,Enterprise,PRO,Germany
U00781,user781@example.com,2025-03-31,Startup,Free,Canada
U00782,user782@example.com,2025-11-05, startup,free,India
U00783,user783@example.com,2025-06-19,Small,Pro,Australia
U00784,user784@example.com,2026-01-03,,Enterprise,India
U00785,user785@example.com,2025-01-12,SMALL,Pro,USA
U00786,user786@example.com,2026-03-10,Medium,Free,Australia
U00787,user787@example.com,2025-12-27,Enterprise,PRO,USA
U00788,user788@example.com,2025-06-22,Small,Pro,india 
U00789,user789@example.com,2026-02-10,Enterprise,,Australia
U00790,user790@example.com,2025-03-31, startup,,Australia
U00791,user791@example.com,2025-04-25,,Pro,india 
U00792,user792@example.com,2025-06-07,Medium,Pro,UK
U00793,USER793@EXAMPLE.COM,2026-01-09,SMALL,PRO,india 
U00794,user794@example.com,2026-03-12, startup,Free,UK
U00795,user795@example.com,2025-11-05,,PRO,Canada
U00796,user796@example.com,2025-11-24,Enterprise,Pro,Australia
U00797,user797@example.com,2026-01-17,Medium,Enterprise,UK
U00798,user798@example.com,2025-11-22,Startup,,Australia
U00799,USER799@EXAMPLE.COM,2025-08-17,Small,Pro,USA
U00800,user800@example.com,2025-06-29,Startup,,India
U00801,user801@example.com,2025-01-25,SMALL,free,UK
U00802,user802@example.com,2026-03-29,Enterprise,Enterprise,india 
U00803,user803@example.com,2025-02-21,,PRO,Canada
U00804,user804@example.com,2025-03-25,,Free,Germany
U00805,user805@example.com,2025-01-11,Startup,Free,Australia
U00806,user806@example.com,2025-03-29,Small,,USA
U00807,user807@example.com,2025-10-08,Startup,Enterprise,U.S.A
U00808,user808@example.com,2025-12-27,SMALL,Pro,india 
U00809,user809@example.com,2025-03-22,Medium,Pro,Canada
U00810,user810@example.com,2025-07-29,SMALL,,Germany
U00811,user811@example.com,2025-12-05,Small,Free,India
U00812,user812@example.com,2025-07-21,,free,UK
U00813,user813@example.com,2025-01-28,Enterprise,Free,Germany
U00814,user814@example.com,2026-02-26, startup,free,Canada
U00815,USER815@EXAMPLE.COM,2025-02-19,Small,,Germany
U00816,user816@example.com,2026-05-16,,Free,Germany
U00817,user817@example.com,2026-02-06,Enterprise,,Germany
U00818,user818@example.com,2025-02-16,Enterprise,Pro,Australia
U00819,user819@example.com,2026-03-30,Small,free,India
U00820,user820@example.com,2025-05-15,Medium,Pro,Germany
U00821,user821@example.com,2025-10-16,,,USA
U00822,user822@example.com,2025-02-13,,PRO,india 
U00823,user823@example.com,2026-05-13,Small,PRO,India
U00824,user824@example.com,2026-03-07, startup,free,U.S.A
U00825,user825@example.com,2025-10-21,Enterprise,Enterprise,USA
U00826,user826@example.com,2025-07-22,SMALL,Free,UK
U00827,user827@example.com,2025-03-03,Enterprise,Pro,UK
U00828,user828@example.com,2026-05-13,Small,Pro,India
U00829,user829@example.com,2025-08-05,SMALL,free,Canada
U00830,user830@example.com,2026-02-26,,PRO,Germany
U00831,user831@example.com,2025-06-13,,Free,USA
U00832,user832@example.com,2025-07-18, startup,Enterprise,Germany
U00833,user833@example.com,2025-09-24,,Free,india 
U00834,user834@example.com,2025-02-27,Small,PRO,USA
U00835,user835@example.com,2026-04-19,,Free,Germany
U00836,user836@example.com,2026-03-21,Medium,free,Germany
U00837,user837@example.com,2025-07-16, startup,PRO,U.S.A
U00838,user838@example.com,2025-01-20,Enterprise,Pro,india 
U00839,user839@example.com,2025-01-20,Medium,,Canada
U00840,user840@example.com,2025-01-26,Medium,Enterprise,India
U00841,user841@example.com,2025-06-22,Medium,Enterprise,Germany
U00842,user842@example.com,2026-03-08,SMALL,,USA
U00843,user843@example.com,2026-05-13,Small,Enterprise,U.S.A
U00844,user844@example.com,2026-02-01,Medium,,india 
U00845,user845@example.com,2025-11-06,Small,free,Canada
U00846,user846@example.com,2026-04-13,SMALL,free,Australia
U00847,user847@example.com,2026-02-25,,Pro,USA
U00848,user848@example.com,2025-06-09,Enterprise,Pro,India
U00849,user849@example.com,2025-03-30,,Pro,India
U00850,user850@example.com,2025-05-08,Startup,Enterprise,Canada
U00851,user851@example.com,2025-05-21,Enterprise,PRO,india 
U00852,user852@example.com,2025-11-22,SMALL,Free,Canada
U00853,user853@example.com,2025-07-10,Enterprise,Pro,U.S.A
U00854,user854@example.com,2025-10-28,Medium,Pro,Germany
U00855,user855@example.com,2026-01-19,Startup,Enterprise,India
U00856,user856@example.com,2025-07-17,,PRO,Canada
U00857,user857@example.com,2026-03-15,Small,,Canada
U00858,user858@example.com,2025-05-18, startup,Free,India
U00859,user859@example.com,2025-08-31,SMALL,Pro,India
U00860,user860@example.com,2025-04-25,,Enterprise,Germany
U00861,user861@example.com,2025-08-05,,Enterprise,U.S.A
U00862,user862@example.com,2025-05-10,Medium,,india 
U00863,user863@example.com,2025-10-27, startup,,Australia
U00864,user864@example.com,2025-10-15, startup,Enterprise,Germany
U00865,user865@example.com,2025-12-17,Startup,Enterprise,Germany
U00866,user866@example.com,2025-11-24,Medium,Enterprise,Germany
U00867,user867@example.com,2025-04-07,,Pro,India
U00868,user868@example.com,2026-02-17,,PRO,india 
U00869,user869@example.com,2025-12-05,Small,,India
U00870,user870@example.com,2025-12-02,Medium,Enterprise,india 
U00871,user871@example.com,2025-07-27,Startup,PRO,Canada
U00872,user872@example.com,2025-06-25,Small,,U.S.A
U00873,user873@example.com,2026-04-10,Medium,PRO,Germany
U00874,user874@example.com,2026-03-09,SMALL,PRO,UK
U00875,user875@example.com,2025-05-31,Small,,Germany
U00876,user876@example.com,2026-01-07,,Pro,Australia
U00877,user877@example.com,2025-12-02,Medium,Pro,Germany
U00878,user878@example.com,2025-08-04,Medium,Enterprise,Germany
U00879,user879@example.com,2025-10-27,,Free,U.S.A
U00880,user880@example.com,2025-01-28, startup,PRO,USA
U00881,user881@example.com,2025-08-30, startup,Free,india 
U00882,user882@example.com,2025-09-29,Startup,Pro,UK
U00883,user883@example.com,2025-04-13, startup,free,UK
U00884,user884@example.com,2025-06-11,Small,Free,U.S.A
U00885,user885@example.com,2025-06-20,Small,Enterprise,India
U00886,user886@example.com,2025-01-03,Small,Pro,UK
U00887,user887@example.com,2025-09-08,,Free,UK
U00888,user888@example.com,2025-11-11,Enterprise,free,india 
U00889,user889@example.com,2026-05-10,Startup,Free,Canada
U00890,user890@example.com,2026-01-10,Startup,Enterprise,Canada
U00891,user891@example.com,2025-01-10,SMALL,,Canada
U00892,user892@example.com,2025-04-26,Medium,Enterprise,UK
U00893,user893@example.com,2025-02-22, startup,Enterprise,UK
U00894,user894@example.com,2025-02-03,Medium,Enterprise,U.S.A
U00895,user895@example.com,2026-01-08, startup,Enterprise,india 
U00896,user896@example.com,2026-03-31,Small,Enterprise,U.S.A
U00897,user897@example.com,2025-07-03,Small,free,India
U00898,user898@example.com,2025-04-27,Small,Pro,India
U00899,user899@example.com,2025-10-29,Startup,Enterprise,India
U00900,user900@example.com,2025-07-12,Medium,PRO,India
U00901,user901@example.com,2025-11-01,SMALL,Free,India
U00902,user902@example.com,2025-01-25,Enterprise,free,india 
U00903,user903@example.com,2025-03-05,Enterprise,,UK
U00904,user904@example.com,2025-04-16,SMALL,Free,Germany
U00905,user905@example.com,2025-08-04,SMALL,PRO,Germany
U00906,user906@example.com,2025-11-15,Small,free,USA
U00907,user907@example.com,2025-09-19,Startup,Enterprise,USA
U00908,user908@example.com,2026-02-06,Small,PRO,Canada
U00909,user909@example.com,2026-02-03, startup,Pro,Australia
U00910,user910@example.com,2025-12-27,Small,Free,U.S.A
U00911,user911@example.com,2026-04-12,Enterprise,Enterprise,Canada
U00912,USER912@EXAMPLE.COM,2025-01-02,Startup,Free,U.S.A
U00913,user913@example.com,2025-03-18,,PRO,USA
U00914,user914@example.com,2026-01-06,Medium,,Canada
U00915,user915@example.com,2025-08-22,Medium,Enterprise,U.S.A
U00916,user916@example.com,2025-01-26,Small,Free,Germany
U00917,user917@example.com,2025-07-04,Medium,free,USA
U00918,user918@example.com,2025-02-18,Startup,Free,UK
U00919,user919@example.com,2025-12-06,Medium,Enterprise,U.S.A
U00920,user920@example.com,2026-05-05,SMALL,Free,Australia
U00921,user921@example.com,2026-02-22,Startup,free,india 
U00922,user922@example.com,2026-05-08,,free,U.S.A
U00923,user923@example.com,2026-02-14,,Pro,USA
U00924,user924@example.com,2025-03-09,Startup,Pro,USA
U00925,user925@example.com,2025-08-02,Enterprise,PRO,U.S.A
U00926,user926@example.com,2025-04-03,,Enterprise,India
U00927,user927@example.com,2026-03-18,,,UK
U00928,user928@example.com,2025-09-05,Startup,free,U.S.A
U00929,user929@example.com,2025-01-24,SMALL,Enterprise,India
U00930,user930@example.com,2025-12-27, startup,,Canada
U00931,user931@example.com,2026-05-16,,Enterprise,USA
U00932,user932@example.com,2025-08-10,Small,free,Australia
U00933,user933@example.com,2025-12-06,Enterprise,Pro,India
U00934,user934@example.com,2025-01-06,Small,PRO,U.S.A
U00935,user935@example.com,2026-03-13,Small,Free,U.S.A
U00936,user936@example.com,2025-06-14,Medium,Free,Canada
U00937,user937@example.com,2025-10-09,Enterprise,Pro,USA
U00938,user938@example.com,2025-08-24, startup,free,USA
U00939,user939@example.com,2026-03-15,Medium,Free,U.S.A
U00940,user940@example.com,2026-01-17,Startup,free,india 
U00941,user941@example.com,2025-01-19,Startup,Free,Germany
U00942,user942@example.com,2026-04-01,Small,,U.S.A
U00943,user943@example.com,2026-05-02,,Free,Canada
U00944,user944@example.com,2026-03-09, startup,PRO,U.S.A
U00945,user945@example.com,2026-01-02,SMALL,free,USA
U00946,user946@example.com,2025-02-19,Small,Free,Australia
U00947,user947@example.com,2025-07-01,,Enterprise,Australia
U00948,user948@example.com,2025-12-26,Small,free,UK
U00949,user949@example.com,2026-02-25,SMALL,free,USA
U00950,user950@example.com,2025-05-11,Small,Free,india 
U00951,user951@example.com,2025-04-21,,Pro,Australia
U00952,user952@example.com,2025-02-25,Startup,,USA
U00953,user953@example.com,2026-01-31,Enterprise,,UK
U00954,user954@example.com,2026-05-09, startup,,India
U00955,user955@example.com,2025-10-11,,PRO,U.S.A
U00956,user956@example.com,2026-04-19,Small,,UK
U00957,user957@example.com,2026-01-10,Startup,free,Australia
U00958,user958@example.com,2025-09-16,Enterprise,PRO,Canada
U00959,user959@example.com,2025-05-21,Medium,Enterprise,U.S.A
U00960,user960@example.com,2026-02-17,Enterprise,PRO,Germany
U00961,user961@example.com,2026-03-08,,Enterprise,Canada
U00962,user962@example.com,2025-04-13,SMALL,Enterprise,Australia
U00963,user963@example.com,2026-04-17,SMALL,,UK
U00964,user964@example.com,2025-09-15,SMALL,Enterprise,USA
U00965,user965@example.com,2026-01-25,Enterprise,PRO,india 
U00966,user966@example.com,2025-12-12,,PRO,Germany
U00967,user967@example.com,2026-03-26,,Free,USA
U00968,user968@example.com,2025-01-13,Startup,,India
U00969,user969@example.com,2025-04-13,,Pro,Germany
U00970,user970@example.com,2025-12-16,,Free,Germany
U00971,user971@example.com,2025-04-15,Startup,Enterprise,U.S.A
U00972,user972@example.com,2025-02-22,SMALL,,Canada
U00973,user973@example.com,2026-01-16,Enterprise,Pro,Germany
U00974,user974@example.com,2025-12-21,Enterprise,free,india 
U00975,user975@example.com,2026-05-05,SMALL,Enterprise,India
U00976,user976@example.com,2025-01-07,Small,PRO,U.S.A
U00977,user977@example.com,2026-03-01,SMALL,,Australia
U00978,user978@example.com,2026-01-22,SMALL,PRO,Canada
U00979,user979@example.com,2026-02-02,Small,Enterprise,U.S.A
U00980,user980@example.com,2025-04-01,Startup,Pro,UK
U00981,user981@example.com,2026-01-12,Enterprise,Free,india 
U00982,user982@example.com,2025-05-23,Small,Pro,Germany
U00983,user983@example.com,2025-01-03,SMALL,Pro,India
U00984,user984@example.com,2025-03-20, startup,Free,Germany
U00985,user985@example.com,2025-09-09, startup,Enterprise,USA
U00986,user986@example.com,2026-02-06, startup,Pro,UK
U00987,user987@example.com,2025-09-24, startup,Pro,india 
U00988,user988@example.com,2025-10-06,Startup,Enterprise,Canada
U00989,user989@example.com,2026-03-29,Medium,Enterprise,Australia
U00990,user990@example.com,2025-05-31,,PRO,U.S.A
U00991,user991@example.com,2025-10-15,SMALL,Free,USA
U00992,user992@example.com,2025-12-09,Small,,Canada
U00993,user993@example.com,2026-05-06,Medium,free,USA
U00994,user994@example.com,2025-07-17,SMALL,Enterprise,India
U00995,user995@example.com,2026-04-12,,Enterprise,U.S.A
U00996,user996@example.com,2025-09-07,SMALL,Pro,Australia
U00997,user997@example.com,2025-09-21,Startup,Pro,India
U00998,user998@example.com,2025-11-17,SMALL,,Canada
U00999,user999@example.com,2026-03-19,,Free,Canada
U01000,user1000@example.com,2025-10-03,SMALL,free,USA
U00508,user508@example.com,2026-01-18,Medium,free,U.S.A
U00819,user819@example.com,2026-03-30,Small,free,India
U00453,user453@example.com,2026-01-27,,PRO,USA
U00369,user369@example.com,2025-05-01,Startup,Enterprise,Canada
U00243,user243@example.com,2026-03-09,Enterprise,free,USA
U00930,user930@example.com,2025-12-27, startup,,Canada
U00263,user263@example.com,2026-04-11,SMALL,free,USA
U00811,user811@example.com,2025-12-05,Small,Free,India
U00319,user319@example.com,2025-01-10,Startup,Enterprise,india 
U00050,user50@example.com,2025-02-18,Enterprise,Enterprise,india 
U00447,user447@example.com,2025-10-26,Startup,Enterprise,U.S.A
U00143,user143@example.com,2026-01-22,Small,Pro,India
U00969,user969@example.com,2025-04-13,,Pro,Germany
U00346,user346@example.com,2025-05-26,,,UK
U00972,user972@example.com,2025-02-22,SMALL,,Canada
U00134,user134@example.com,2025-09-07,Enterprise,free,India
U00105,user105@example.com,2025-12-08,Enterprise,,Germany
U00007,user7@example.com,2025-12-24,Medium,Pro,Canada
U00601,user601@example.com,2025-05-18,Startup,Pro,india 
U00497,user497@example.com,2025-01-08,,Enterprise,Canada
