invoice_id,customer_id,invoice_date,invoice_amount,invoice_status
INV00001,C091,2025-06-11,682,Posted
INV00002,C009,2025-01-09,2906,Posted
INV00003,C066,2025-03-02,2481,Pending
INV00004,C063,2025-02-24,4617,Posted
INV00005,C093,2025-05-27,4920,Posted
INV00006,C032,2025-05-02,3534,Posted
INV00007,C013,2025-01-25,3731,Posted
INV00008,C055,2025-04-16,4025,Failed
INV00009,C007,2025-06-22,1006,Posted
INV00010,C052,2025-03-28,1095,Posted
INV00011,C025,2025-02-18,4593,Posted
INV00012,C018,2025-04-19,1703,Posted
INV00013,C060,2025-03-05,817,Posted
INV00014,C071,2025-01-26,614,Pending
INV00015,C070,2025-01-04,964,Failed
INV00016,C031,2025-02-12,3529,Posted
INV00017,C062,2025-02-24,3485,Posted
INV00018,C022,2025-04-08,217,Posted
INV00019,C034,2025-04-27,2536,Posted
INV00020,C090,2025-05-23,4186,Posted
INV00021,C025,2025-03-17,1983,Posted
INV00022,C075,2025-05-19,699,Failed
INV00023,C041,2025-01-15,610,Pending
INV00024,C062,2025-05-09,4550,Posted
INV00025,C008,2025-05-11,856,Posted
INV00026,C009,2025-06-02,756,Pending
INV00027,C031,2025-04-14,1182,Pending
INV00028,C032,2025-05-29,525,Pending
INV00029,C011,2025-04-18,4981,Pending
INV00030,C067,2025-03-22,2336,Posted
INV00031,C086,2025-03-22,2155,Posted
INV00032,C051,2025-02-03,2657,Posted
INV00033,C041,2025-01-19,276,Posted
INV00034,C080,2025-05-25,1019,Posted
INV00035,C069,2025-02-24,4344,Posted
INV00036,C017,2025-03-31,763,Posted
INV00037,C048,2025-03-14,1492,Posted
INV00038,C070,2025-06-30,2678,Pending
INV00039,C084,2025-05-16,264,Pending
INV00040,C071,2025-03-18,1048,Posted
INV00041,C034,2025-01-30,1076,Failed
INV00042,C071,2025-02-09,2431,Posted
INV00043,C078,2025-02-23,3008,Posted
INV00044,C088,2025-06-12,2362,Posted
INV00045,C063,2025-03-06,616,Posted
INV00046,C082,2025-04-19,2466,Posted
INV00047,C001,2025-03-27,1271,Pending
INV00048,C034,2025-02-11,3819,Pending
INV00049,C091,2025-04-20,4794,Posted
INV00050,C015,2025-01-20,1421,Posted
INV00051,C005,2025-04-05,4971,Pending
INV00052,C019,2025-04-21,1244,Posted
INV00053,C040,2025-04-04,526,Posted
INV00054,C027,2025-06-24,2244,Pending
INV00055,C014,2025-04-01,4786,Posted
INV00056,C080,2025-02-09,2139,Posted
INV00057,C023,2025-04-16,403,Posted
INV00058,C095,2025-03-27,3572,Pending
INV00059,C095,2025-03-05,2385,Posted
INV00060,C090,2025-01-28,3333,Posted
INV00061,C061,2025-02-26,1834,Posted
INV00062,C045,2025-03-20,2064,Posted
INV00063,C004,2025-06-18,1782,Posted
INV00064,C043,2025-03-13,768,Failed
INV00065,C036,2025-03-31,4373,Posted
INV00066,C087,2025-05-18,2912,Posted
INV00067,C015,2025-03-08,1662,Pending
INV00068,C034,2025-01-10,1088,Pending
INV00069,C056,2025-03-30,2769,Posted
INV00070,C078,2025-05-11,1147,Posted
INV00071,C074,2025-02-18,2286,Posted
INV00072,C091,2025-04-22,213,Posted
INV00073,C069,2025-06-25,1814,Posted
INV00074,C056,2025-01-18,2904,Pending
INV00075,C041,2025-06-19,1220,Failed
INV00076,C039,2025-05-10,2733,Pending
INV00077,C053,2025-03-25,3496,Pending
INV00078,C038,2025-05-22,1242,Posted
INV00079,C054,2025-06-20,3305,Pending
INV00080,C096,2025-02-14,4862,Posted
INV00081,C052,2025-05-21,203,Posted
INV00082,C037,2025-02-23,3721,Pending
INV00083,C078,2025-06-17,2839,Posted
INV00084,C057,2025-04-24,1950,Posted
INV00085,C061,2025-02-13,894,Posted
INV00086,C066,2025-06-19,2945,Posted
INV00087,C097,2025-03-02,2742,Posted
INV00088,C026,2025-02-07,400,Posted
INV00089,C032,2025-05-02,796,Posted
INV00090,C054,2025-06-11,4915,Posted
INV00091,C092,2025-06-28,3345,Posted
INV00092,C052,2025-03-04,1408,Pending
INV00093,C089,2025-01-02,1073,Failed
INV00094,C055,2025-02-26,1640,Pending
INV00095,C067,2025-04-29,611,Pending
INV00096,C032,2025-02-01,3939,Posted
INV00097,C060,2025-06-20,4551,Pending
INV00098,C077,2025-03-23,3825,Pending
INV00099,C093,2025-05-10,3695,Pending
INV00100,C058,2025-02-10,4088,Posted
INV00101,C034,2025-03-05,2471,Failed
INV00102,C100,2025-05-14,4169,Pending
INV00103,C031,2025-03-12,3803,Posted
INV00104,C092,2025-03-15,2120,Posted
INV00105,C043,2025-03-23,4624,Posted
INV00106,C018,2025-02-08,2094,Posted
INV00107,C089,2025-02-09,1952,Posted
INV00108,C054,2025-04-15,2910,Posted
INV00109,C060,2025-04-17,710,Posted
INV00110,C054,2025-04-10,4984,Pending
INV00111,C003,2025-05-28,3316,Posted
INV00112,C001,2025-04-01,2646,Failed
INV00113,C050,2025-04-18,4609,Failed
INV00114,C095,2025-05-20,2006,Posted
INV00115,C029,2025-03-11,3770,Posted
INV00116,C004,2025-04-10,2953,Pending
INV00117,C087,2025-04-14,1552,Posted
INV00118,C017,2025-06-09,4575,Posted
INV00119,C051,2025-06-01,4823,Pending
INV00120,C004,2025-01-22,3711,Posted
INV00121,C060,2025-02-16,611,Posted
INV00122,C049,2025-03-25,1933,Posted
INV00123,C042,2025-03-28,3305,Posted
INV00124,C097,2025-04-18,2266,Posted
INV00125,C061,2025-01-05,4618,Posted
INV00126,C045,2025-02-27,762,Failed
INV00127,C084,2025-01-11,454,Posted
INV00128,C026,2025-01-06,1448,Posted
INV00129,C017,2025-05-02,1137,Pending
INV00130,C028,2025-04-30,2299,Failed
INV00131,C048,2025-02-12,1138,Failed
INV00132,C021,2025-03-21,1085,Pending
INV00133,C004,2025-03-21,4916,Pending
INV00134,C049,2025-04-12,1824,Posted
INV00135,C076,2025-06-26,2189,Posted
INV00136,C090,2025-03-19,1191,Pending
INV00137,C006,2025-03-30,4564,Posted
INV00138,C085,2025-04-05,764,Posted
INV00139,C083,2025-03-29,303,Posted
INV00140,C063,2025-01-28,3751,Posted
INV00141,C082,2025-04-28,1453,Posted
INV00142,C023,2025-05-14,2412,Pending
INV00143,C069,2025-05-04,4008,Posted
INV00144,C094,2025-06-01,2398,Posted
INV00145,C032,2025-01-23,2484,Posted
INV00146,C032,2025-04-29,4868,Pending
INV00147,C086,2025-04-08,2955,Posted
INV00148,C064,2025-03-25,1689,Posted
INV00149,C028,2025-04-01,2316,Posted
INV00150,C036,2025-06-02,2463,Pending
INV00151,C002,2025-05-13,1765,Posted
INV00152,C031,2025-04-15,4202,Pending
INV00153,C098,2025-03-03,4100,Pending
INV00154,C092,2025-05-06,3871,Posted
INV00155,C012,2025-03-17,2015,Posted
INV00156,C089,2025-03-04,2708,Pending
INV00157,C075,2025-04-05,4076,Pending
INV00158,C068,2025-03-30,3685,Failed
INV00159,C071,2025-03-26,3082,Pending
INV00160,C059,2025-03-11,2711,Posted
INV00161,C030,2025-01-31,1777,Posted
INV00162,C016,2025-05-18,1716,Posted
INV00163,C028,2025-05-04,2465,Failed
INV00164,C076,2025-05-15,2518,Posted
INV00165,C025,2025-03-17,2063,Posted
INV00166,C023,2025-03-19,315,Failed
INV00167,C069,2025-02-02,2447,Posted
INV00168,C007,2025-05-22,2593,Pending
INV00169,C017,2025-06-13,4221,Posted
INV00170,C002,2025-05-27,2529,Posted
INV00171,C062,2025-04-23,2991,Posted
INV00172,C007,2025-03-06,4113,Posted
INV00173,C009,2025-04-13,4228,Posted
INV00174,C074,2025-06-11,639,Posted
INV00175,C020,2025-05-25,2689,Posted
INV00176,C032,2025-01-31,4771,Failed
INV00177,C054,2025-06-05,2048,Failed
INV00178,C067,2025-04-08,3890,Posted
INV00179,C039,2025-05-31,3712,Posted
INV00180,C073,2025-06-08,693,Pending
INV00181,C095,2025-01-26,1902,Pending
INV00182,C028,2025-03-09,865,Posted
INV00183,C031,2025-02-14,4721,Posted
INV00184,C021,2025-01-01,3546,Posted
INV00185,C089,2025-06-02,4049,Posted
INV00186,C005,2025-03-01,2560,Failed
INV00187,C037,2025-06-29,3919,Posted
INV00188,C088,2025-03-01,2367,Pending
INV00189,C076,2025-06-19,1820,Posted
INV00190,C015,2025-05-20,2041,Pending
INV00191,C020,2025-03-10,1365,Posted
INV00192,C008,2025-02-12,2719,Pending
INV00193,C096,2025-05-26,2564,Posted
INV00194,C016,2025-04-30,2691,Pending
INV00195,C052,2025-03-11,4299,Posted
INV00196,C064,2025-04-23,858,Pending
INV00197,C006,2025-04-21,2840,Pending
INV00198,C033,2025-01-07,948,Posted
INV00199,C087,2025-05-28,369,Failed
INV00200,C087,2025-03-10,4920,Posted
INV00201,C098,2025-02-14,4054,Posted
INV00202,C084,2025-04-24,2478,Posted
INV00203,C075,2025-04-22,4228,Posted
INV00204,C061,2025-03-31,3545,Posted
INV00205,C042,2025-06-21,1056,Posted
INV00206,C043,2025-04-16,4258,Posted
INV00207,C085,2025-04-13,4706,Posted
INV00208,C059,2025-01-23,2776,Posted
INV00209,C042,2025-01-30,3511,Posted
INV00210,C001,2025-06-18,4644,Posted
INV00211,C053,2025-01-14,1736,Posted
INV00212,C047,2025-06-09,4283,Pending
INV00213,C057,2025-01-14,1867,Posted
INV00214,C071,2025-02-03,2559,Posted
INV00215,C090,2025-05-05,1194,Posted
INV00216,C081,2025-06-05,2160,Failed
INV00217,C021,2025-03-21,4712,Posted
INV00218,C071,2025-04-15,963,Posted
INV00219,C015,2025-04-29,1162,Pending
INV00220,C020,2025-05-08,2590,Posted
INV00221,C091,2025-03-11,3603,Posted
INV00222,C061,2025-03-04,3941,Pending
INV00223,C019,2025-04-09,1761,Pending
INV00224,C066,2025-02-04,771,Posted
INV00225,C099,2025-04-17,2984,Posted
INV00226,C035,2025-01-01,2517,Failed
INV00227,C039,2025-05-31,4950,Pending
INV00228,C063,2025-02-08,3858,Posted
INV00229,C062,2025-03-30,2923,Pending
INV00230,C098,2025-05-20,3290,Posted
INV00231,C042,2025-02-18,2156,Pending
INV00232,C050,2025-03-01,3565,Posted
INV00233,C041,2025-05-02,3323,Posted
INV00234,C085,2025-06-16,1446,Posted
INV00235,C005,2025-02-02,4314,Pending
INV00236,C043,2025-01-26,3806,Posted
INV00237,C068,2025-04-27,325,Failed
INV00238,C019,2025-04-15,1464,Posted
INV00239,C061,2025-03-09,2973,Pending
INV00240,C089,2025-04-12,857,Posted
INV00241,C087,2025-05-17,3313,Posted
INV00242,C081,2025-05-05,4632,Posted
INV00243,C080,2025-01-18,2123,Pending
INV00244,C088,2025-03-15,2063,Failed
INV00245,C012,2025-04-22,1006,Failed
INV00246,C082,2025-06-30,1023,Posted
INV00247,C022,2025-06-27,2653,Posted
INV00248,C006,2025-03-25,659,Posted
INV00249,C046,2025-04-06,3728,Posted
INV00250,C032,2025-05-16,3575,Pending
INV00251,C088,2025-02-16,1592,Posted
INV00252,C011,2025-06-06,3333,Pending
INV00253,C088,2025-03-03,4276,Pending
INV00254,C019,2025-03-01,3977,Pending
INV00255,C033,2025-04-28,2291,Pending
INV00256,C002,2025-04-30,2556,Pending
INV00257,C070,2025-02-10,805,Posted
INV00258,C045,2025-05-31,2650,Pending
INV00259,C055,2025-06-26,2248,Posted
INV00260,C039,2025-02-20,3351,Posted
INV00261,C014,2025-03-02,3324,Pending
INV00262,C046,2025-05-28,2623,Pending
INV00263,C038,2025-01-06,3442,Posted
INV00264,C002,2025-05-25,601,Pending
INV00265,C096,2025-05-08,2544,Failed
INV00266,C030,2025-06-05,3086,Posted
INV00267,C082,2025-02-18,2253,Pending
INV00268,C097,2025-06-18,1320,Pending
INV00269,C013,2025-06-10,522,Posted
INV00270,C057,2025-01-09,4947,Posted
INV00271,C094,2025-02-03,938,Posted
INV00272,C042,2025-04-17,1638,Posted
INV00273,C017,2025-05-19,3197,Posted
INV00274,C065,2025-03-11,1547,Posted
INV00275,C062,2025-03-17,2974,Posted
INV00276,C060,2025-01-20,1353,Failed
INV00277,C029,2025-06-23,3455,Pending
INV00278,C047,2025-01-24,3432,Posted
INV00279,C034,2025-05-18,1212,Posted
INV00280,C048,2025-06-22,2347,Pending
INV00281,C049,2025-06-13,3243,Posted
INV00282,C087,2025-03-01,4062,Posted
INV00283,C080,2025-05-24,2887,Pending
INV00284,C029,2025-06-15,717,Pending
INV00285,C060,2025-06-29,2675,Pending
INV00286,C053,2025-01-30,1345,Posted
INV00287,C005,2025-03-19,4235,Posted
INV00288,C013,2025-03-02,4603,Posted
INV00289,C050,2025-04-27,3239,Pending
INV00290,C096,2025-06-28,4625,Posted
INV00291,C076,2025-02-09,3598,Pending
INV00292,C013,2025-05-06,3543,Posted
INV00293,C005,2025-06-26,3235,Posted
INV00294,C057,2025-04-24,2134,Posted
INV00295,C013,2025-06-25,3209,Posted
INV00296,C083,2025-04-02,696,Posted
INV00297,C036,2025-02-18,1200,Posted
INV00298,C012,2025-06-19,1937,Pending
INV00299,C082,2025-06-02,374,Posted
INV00300,C043,2025-03-04,1231,Pending
INV00301,C027,2025-01-18,4740,Posted
INV00302,C076,2025-02-25,2108,Posted
INV00303,C100,2025-02-07,223,Posted
INV00304,C019,2025-02-03,4625,Posted
INV00305,C023,2025-01-29,411,Posted
INV00306,C002,2025-04-02,2149,Pending
INV00307,C042,2025-01-05,1627,Posted
INV00308,C007,2025-02-02,3648,Posted
INV00309,C015,2025-01-17,4101,Posted
INV00310,C100,2025-04-03,4404,Pending
INV00311,C014,2025-04-26,4327,Posted
INV00312,C079,2025-01-12,4471,Posted
INV00313,C059,2025-06-14,455,Posted
INV00314,C062,2025-04-13,3692,Pending
INV00315,C014,2025-05-06,3833,Posted
INV00316,C011,2025-03-24,1415,Posted
INV00317,C017,2025-03-12,4995,Pending
INV00318,C092,2025-03-25,3320,Pending
INV00319,C068,2025-03-17,3916,Posted
INV00320,C078,2025-04-21,1012,Pending
INV00321,C015,2025-06-17,4716,Failed
INV00322,C028,2025-04-21,3899,Posted
INV00323,C053,2025-03-28,3915,Posted
INV00324,C054,2025-01-25,2760,Posted
INV00325,C041,2025-06-20,2288,Posted
INV00326,C020,2025-06-25,4085,Posted
INV00327,C012,2025-01-22,963,Posted
INV00328,C013,2025-04-06,1265,Pending
INV00329,C008,2025-05-31,4800,Pending
INV00330,C043,2025-06-21,1201,Posted
INV00331,C046,2025-06-20,3664,Failed
INV00332,C007,2025-03-15,2759,Posted
INV00333,C014,2025-05-28,4356,Posted
INV00334,C020,2025-06-18,4150,Posted
INV00335,C014,2025-03-31,4756,Posted
INV00336,C015,2025-03-13,4903,Posted
INV00337,C055,2025-05-24,4760,Posted
INV00338,C078,2025-06-18,2390,Posted
INV00339,C024,2025-03-11,2731,Posted
INV00340,C045,2025-01-02,1686,Posted
INV00341,C073,2025-06-18,3483,Posted
INV00342,C019,2025-06-12,451,Posted
INV00343,C096,2025-05-16,1962,Posted
INV00344,C054,2025-04-27,2992,Posted
INV00345,C048,2025-03-21,2857,Failed
INV00346,C073,2025-06-02,895,Posted
INV00347,C020,2025-02-10,607,Pending
INV00348,C011,2025-03-11,3829,Pending
INV00349,C055,2025-05-05,3821,Posted
INV00350,C035,2025-02-25,4397,Posted
INV00351,C045,2025-04-21,1108,Posted
INV00352,C087,2025-06-23,4186,Posted
INV00353,C086,2025-03-20,572,Posted
INV00354,C051,2025-06-03,648,Posted
INV00355,C027,2025-03-19,1930,Failed
INV00356,C018,2025-03-07,2571,Posted
INV00357,C016,2025-01-02,4274,Failed
INV00358,C056,2025-02-14,1258,Posted
INV00359,C069,2025-06-30,2085,Posted
INV00360,C072,2025-06-21,3101,Posted
INV00361,C051,2025-01-11,3773,Posted
INV00362,C059,2025-01-20,2764,Pending
INV00363,C055,2025-05-27,3513,Failed
INV00364,C082,2025-04-17,2571,Posted
INV00365,C052,2025-01-06,2860,Posted
INV00366,C080,2025-04-28,3164,Posted
INV00367,C056,2025-01-28,2193,Posted
INV00368,C076,2025-04-13,4492,Posted
INV00369,C051,2025-03-21,2981,Posted
INV00370,C043,2025-02-13,825,Posted
INV00371,C082,2025-01-30,4546,Posted
INV00372,C025,2025-03-31,3076,Failed
INV00373,C083,2025-02-07,2135,Posted
INV00374,C019,2025-03-07,1816,Posted
INV00375,C078,2025-02-09,817,Posted
INV00376,C099,2025-06-10,4247,Posted
INV00377,C097,2025-05-25,4947,Posted
INV00378,C088,2025-05-25,2847,Pending
INV00379,C041,2025-02-08,3802,Posted
INV00380,C061,2025-04-24,2680,Posted
INV00381,C076,2025-01-15,3083,Posted
INV00382,C010,2025-03-21,3982,Posted
INV00383,C005,2025-01-15,3220,Posted
INV00384,C010,2025-06-15,939,Pending
INV00385,C077,2025-05-10,3349,Posted
INV00386,C075,2025-05-22,536,Posted
INV00387,C074,2025-06-16,1742,Posted
INV00388,C078,2025-05-02,4307,Posted
INV00389,C008,2025-04-26,1047,Posted
INV00390,C092,2025-01-22,4333,Pending
INV00391,C023,2025-01-11,2229,Failed
INV00392,C057,2025-04-23,4493,Posted
INV00393,C079,2025-02-10,3181,Posted
INV00394,C037,2025-04-10,3548,Failed
INV00395,C044,2025-06-23,628,Pending
INV00396,C083,2025-03-27,739,Posted
INV00397,C013,2025-05-23,3366,Posted
INV00398,C033,2025-06-18,1431,Posted
INV00399,C011,2025-05-30,1358,Posted
INV00400,C040,2025-06-17,3410,Posted
INV00401,C077,2025-01-22,2736,Pending
INV00402,C049,2025-06-14,2890,Posted
INV00403,C086,2025-06-29,4512,Posted
INV00404,C083,2025-06-21,3668,Posted
INV00405,C047,2025-01-05,3170,Posted
INV00406,C024,2025-02-24,2999,Failed
INV00407,C063,2025-02-19,2055,Posted
INV00408,C020,2025-01-20,2623,Posted
INV00409,C065,2025-05-19,4513,Posted
INV00410,C085,2025-03-28,1273,Pending
INV00411,C049,2025-02-09,1529,Posted
INV00412,C089,2025-06-09,1556,Failed
INV00413,C057,2025-01-12,3565,Posted
INV00414,C087,2025-03-02,3838,Pending
INV00415,C037,2025-04-25,2116,Posted
INV00416,C031,2025-03-21,4042,Posted
INV00417,C048,2025-06-23,4872,Posted
INV00418,C060,2025-03-14,3328,Posted
INV00419,C068,2025-04-18,1527,Posted
INV00420,C078,2025-02-05,2248,Posted
INV00421,C083,2025-05-04,3240,Pending
INV00422,C014,2025-05-13,1221,Posted
INV00423,C011,2025-02-11,2434,Posted
INV00424,C066,2025-02-07,3783,Posted
INV00425,C029,2025-04-26,3063,Posted
INV00426,C054,2025-01-14,3447,Posted
INV00427,C048,2025-03-02,3363,Posted
INV00428,C048,2025-02-27,430,Posted
INV00429,C013,2025-06-16,2946,Posted
INV00430,C018,2025-01-10,2550,Posted
INV00431,C090,2025-02-05,4042,Posted
INV00432,C079,2025-01-02,849,Posted
INV00433,C033,2025-02-25,1424,Pending
INV00434,C094,2025-06-05,4523,Posted
INV00435,C015,2025-03-15,2146,Posted
INV00436,C016,2025-01-13,2153,Posted
INV00437,C082,2025-06-09,3944,Posted
INV00438,C015,2025-05-08,4591,Posted
INV00439,C081,2025-05-12,4910,Posted
INV00440,C092,2025-02-06,2586,Posted
INV00441,C001,2025-06-07,3090,Posted
INV00442,C074,2025-04-17,1734,Pending
INV00443,C086,2025-01-22,4488,Posted
INV00444,C009,2025-05-15,4657,Posted
INV00445,C065,2025-05-22,366,Posted
INV00446,C061,2025-01-12,3369,Posted
INV00447,C033,2025-01-05,3125,Posted
INV00448,C045,2025-03-03,1049,Failed
INV00449,C075,2025-03-27,1292,Posted
INV00450,C046,2025-05-20,2973,Pending
INV00451,C023,2025-06-25,4006,Pending
INV00452,C062,2025-06-11,1693,Posted
INV00453,C009,2025-04-28,502,Posted
INV00454,C026,2025-01-12,1834,Posted
INV00455,C041,2025-03-21,4422,Posted
INV00456,C070,2025-05-02,2275,Posted
INV00457,C097,2025-06-15,1765,Posted
INV00458,C046,2025-01-13,2919,Posted
INV00459,C016,2025-04-05,3779,Posted
INV00460,C096,2025-04-23,3367,Posted
INV00461,C024,2025-05-08,4275,Posted
INV00462,C067,2025-03-10,876,Failed
INV00463,C055,2025-01-21,3727,Pending
INV00464,C024,2025-05-20,2606,Posted
INV00465,C014,2025-01-21,2886,Pending
INV00466,C038,2025-03-20,3852,Pending
INV00467,C092,2025-04-20,1565,Pending
INV00468,C057,2025-03-31,3862,Posted
INV00469,C094,2025-04-01,3763,Posted
INV00470,C082,2025-01-15,814,Pending
INV00471,C082,2025-04-14,3176,Posted
INV00472,C096,2025-06-23,1510,Posted
INV00473,C019,2025-06-05,3789,Posted
INV00474,C017,2025-01-18,2133,Failed
INV00475,C083,2025-04-04,3166,Posted
INV00476,C073,2025-01-09,1456,Pending
INV00477,C058,2025-04-05,3247,Posted
INV00478,C098,2025-01-20,4901,Posted
INV00479,C068,2025-04-04,3460,Posted
INV00480,C084,2025-03-13,2244,Posted
INV00481,C004,2025-02-17,4288,Posted
INV00482,C050,2025-05-24,1164,Posted
INV00483,C100,2025-03-08,3855,Posted
INV00484,C079,2025-03-15,4223,Posted
INV00485,C016,2025-02-04,806,Posted
INV00486,C023,2025-04-24,919,Pending
INV00487,C041,2025-06-20,3046,Failed
INV00488,C009,2025-05-21,4641,Posted
INV00489,C039,2025-02-10,1626,Posted
INV00490,C066,2025-02-27,1194,Posted
INV00491,C018,2025-03-02,4247,Posted
INV00492,C047,2025-05-22,4888,Posted
INV00493,C060,2025-05-22,1263,Pending
INV00494,C012,2025-01-17,2733,Posted
INV00495,C092,2025-05-03,4506,Posted
INV00496,C099,2025-04-15,4909,Posted
INV00497,C017,2025-03-23,807,Posted
INV00498,C060,2025-06-24,4438,Posted
INV00499,C017,2025-05-22,1690,Failed
INV00500,C017,2025-04-21,4319,Posted
INV00501,C016,2025-05-13,1453,Posted
INV00502,C022,2025-02-11,2843,Failed
INV00503,C029,2025-03-30,4450,Posted
INV00504,C011,2025-03-06,1808,Pending
INV00505,C071,2025-03-12,1225,Pending
INV00506,C039,2025-06-07,4570,Posted
INV00507,C065,2025-06-14,1581,Pending
INV00508,C075,2025-02-09,1602,Pending
INV00509,C080,2025-06-04,2965,Pending
INV00510,C006,2025-01-08,865,Posted
INV00511,C083,2025-05-28,2368,Pending
INV00512,C027,2025-05-27,3612,Pending
INV00513,C082,2025-01-08,4279,Pending
INV00514,C070,2025-03-16,2674,Posted
INV00515,C032,2025-06-25,3526,Posted
INV00516,C059,2025-01-19,690,Posted
INV00517,C057,2025-04-17,4166,Posted
INV00518,C027,2025-03-29,1376,Posted
INV00519,C092,2025-03-23,3029,Posted
INV00520,C017,2025-04-05,4418,Pending
INV00521,C014,2025-03-23,2180,Posted
INV00522,C016,2025-03-10,3883,Posted
INV00523,C019,2025-01-25,614,Posted
INV00524,C050,2025-06-07,3625,Posted
INV00525,C021,2025-03-25,4932,Failed
INV00526,C041,2025-02-18,1505,Posted
INV00527,C066,2025-04-30,4285,Posted
INV00528,C064,2025-01-06,937,Posted
INV00529,C065,2025-04-28,2172,Posted
INV00530,C075,2025-04-01,598,Posted
INV00531,C037,2025-05-07,4055,Posted
INV00532,C069,2025-01-03,1080,Posted
INV00533,C018,2025-03-09,3196,Failed
INV00534,C052,2025-04-04,570,Posted
INV00535,C007,2025-05-26,4802,Posted
INV00536,C047,2025-05-22,2564,Posted
INV00537,C050,2025-05-10,3889,Failed
INV00538,C071,2025-03-13,1173,Posted
INV00539,C013,2025-04-11,3257,Posted
INV00540,C072,2025-04-04,1381,Posted
INV00541,C078,2025-05-11,3488,Posted
INV00542,C006,2025-01-12,518,Posted
INV00543,C092,2025-03-27,4080,Posted
INV00544,C059,2025-02-08,4423,Posted
INV00545,C042,2025-06-06,2809,Posted
INV00546,C051,2025-06-07,2651,Pending
INV00547,C044,2025-05-10,4375,Posted
INV00548,C063,2025-05-25,2655,Posted
INV00549,C003,2025-04-05,2913,Pending
INV00550,C015,2025-04-17,4981,Posted
INV00551,C093,2025-06-26,418,Pending
INV00552,C061,2025-03-09,4938,Pending
INV00553,C030,2025-01-14,4980,Posted
INV00554,C022,2025-05-15,3314,Posted
INV00555,C088,2025-03-04,458,Pending
INV00556,C090,2025-01-29,1762,Posted
INV00557,C057,2025-03-22,3630,Posted
INV00558,C053,2025-06-26,1870,Posted
INV00559,C065,2025-06-06,4063,Failed
INV00560,C094,2025-01-16,1331,Posted
INV00561,C027,2025-05-24,2862,Pending
INV00562,C062,2025-05-15,3286,Posted
INV00563,C023,2025-04-28,4567,Posted
INV00564,C070,2025-04-01,2365,Pending
INV00565,C062,2025-02-19,2219,Posted
INV00566,C072,2025-03-18,2042,Posted
INV00567,C099,2025-03-15,1898,Pending
INV00568,C091,2025-05-06,2797,Posted
INV00569,C045,2025-05-24,2440,Posted
INV00570,C016,2025-05-27,4649,Posted
INV00571,C051,2025-03-30,1399,Posted
INV00572,C006,2025-03-15,847,Posted
INV00573,C057,2025-06-17,2300,Failed
INV00574,C062,2025-02-24,1855,Posted
INV00575,C035,2025-05-24,2425,Posted
INV00576,C014,2025-06-07,2160,Posted
INV00577,C007,2025-06-21,4550,Posted
INV00578,C082,2025-03-01,630,Posted
INV00579,C053,2025-03-26,4069,Posted
INV00580,C088,2025-02-05,242,Pending
INV00581,C021,2025-04-15,4096,Posted
INV00582,C084,2025-02-21,2553,Posted
INV00583,C037,2025-06-15,684,Failed
INV00584,C012,2025-06-16,4903,Posted
INV00585,C069,2025-01-10,1634,Posted
INV00586,C023,2025-01-10,3452,Posted
INV00587,C024,2025-03-16,506,Posted
INV00588,C039,2025-05-26,1079,Posted
INV00589,C037,2025-04-27,4650,Posted
INV00590,C064,2025-02-04,4330,Posted
INV00591,C035,2025-02-19,1122,Posted
INV00592,C021,2025-04-28,2307,Failed
INV00593,C024,2025-01-04,2961,Posted
INV00594,C073,2025-06-22,1782,Posted
INV00595,C079,2025-06-13,3521,Posted
INV00596,C066,2025-03-25,910,Posted
INV00597,C086,2025-01-25,1713,Posted
INV00598,C062,2025-03-24,2232,Posted
INV00599,C034,2025-04-09,2129,Posted
INV00600,C097,2025-03-10,2900,Posted
INV00601,C075,2025-05-27,293,Posted
INV00602,C084,2025-04-03,2135,Posted
INV00603,C086,2025-01-31,4012,Posted
INV00604,C021,2025-04-14,4316,Failed
INV00605,C099,2025-03-21,1161,Pending
INV00606,C038,2025-04-05,2009,Posted
INV00607,C018,2025-05-03,1454,Posted
INV00608,C096,2025-06-05,3260,Posted
INV00609,C090,2025-05-21,4057,Failed
INV00610,C069,2025-06-20,1989,Failed
INV00611,C032,2025-06-24,870,Posted
INV00612,C058,2025-05-16,3163,Posted
INV00613,C073,2025-01-29,705,Pending
INV00614,C065,2025-02-21,4891,Posted
INV00615,C020,2025-02-12,2887,Posted
INV00616,C057,2025-01-30,1882,Failed
INV00617,C075,2025-05-06,944,Posted
INV00618,C058,2025-01-15,3914,Posted
INV00619,C066,2025-04-17,3942,Pending
INV00620,C008,2025-05-24,3987,Pending
INV00621,C040,2025-01-06,3443,Posted
INV00622,C001,2025-02-25,4937,Posted
INV00623,C006,2025-04-19,3022,Pending
INV00624,C009,2025-05-19,693,Posted
INV00625,C061,2025-01-09,2551,Posted
INV00626,C024,2025-02-04,3643,Posted
INV00627,C049,2025-04-25,3292,Posted
INV00628,C011,2025-06-24,4617,Posted
INV00629,C084,2025-03-31,1171,Posted
INV00630,C069,2025-04-11,4532,Posted
INV00631,C094,2025-02-27,228,Failed
INV00632,C003,2025-03-18,3992,Pending
INV00633,C093,2025-05-20,3674,Posted
INV00634,C049,2025-02-28,2227,Posted
INV00635,C045,2025-02-09,2458,Posted
INV00636,C093,2025-01-29,463,Pending
INV00637,C054,2025-06-07,328,Posted
INV00638,C027,2025-01-18,1026,Pending
INV00639,C005,2025-04-25,598,Posted
INV00640,C095,2025-01-12,3495,Posted
INV00641,C030,2025-05-19,1979,Failed
INV00642,C100,2025-01-15,1347,Posted
INV00643,C038,2025-03-01,4919,Posted
INV00644,C074,2025-06-03,2826,Posted
INV00645,C039,2025-02-06,4470,Posted
INV00646,C053,2025-03-18,2454,Posted
INV00647,C072,2025-06-01,1634,Pending
INV00648,C087,2025-04-20,4753,Posted
INV00649,C007,2025-03-30,3322,Posted
INV00650,C041,2025-06-28,3610,Posted
INV00651,C020,2025-03-18,3283,Posted
INV00652,C097,2025-05-18,4079,Posted
INV00653,C029,2025-03-18,1382,Posted
INV00654,C008,2025-05-24,3580,Posted
INV00655,C072,2025-05-16,1298,Posted
INV00656,C032,2025-03-07,1865,Posted
INV00657,C083,2025-01-21,3884,Posted
INV00658,C012,2025-05-18,1760,Posted
INV00659,C035,2025-04-07,523,Posted
INV00660,C025,2025-05-31,4778,Posted
INV00661,C062,2025-02-23,2927,Posted
INV00662,C002,2025-02-24,1756,Failed
INV00663,C016,2025-05-03,2187,Pending
INV00664,C078,2025-06-30,1875,Posted
INV00665,C031,2025-05-22,2834,Failed
INV00666,C037,2025-04-08,4019,Posted
INV00667,C084,2025-04-02,2726,Posted
INV00668,C047,2025-05-12,4273,Posted
INV00669,C013,2025-05-01,2823,Posted
INV00670,C048,2025-03-22,3590,Posted
INV00671,C073,2025-02-26,1395,Posted
INV00672,C034,2025-05-22,4984,Pending
INV00673,C093,2025-04-17,2618,Posted
INV00674,C026,2025-03-26,2084,Posted
INV00675,C073,2025-03-04,4290,Pending
INV00676,C084,2025-06-25,2965,Posted
INV00677,C098,2025-05-06,4218,Posted
INV00678,C022,2025-04-01,1586,Posted
INV00679,C093,2025-05-20,4200,Posted
INV00680,C070,2025-06-14,681,Posted
INV00681,C005,2025-01-20,597,Failed
INV00682,C001,2025-04-16,1326,Pending
INV00683,C030,2025-01-18,1437,Posted
INV00684,C028,2025-05-10,3935,Posted
INV00685,C008,2025-06-08,4158,Pending
INV00686,C063,2025-01-05,254,Posted
INV00687,C071,2025-04-16,297,Posted
INV00688,C068,2025-03-12,4588,Posted
INV00689,C003,2025-05-09,3727,Posted
INV00690,C014,2025-01-25,4495,Posted
INV00691,C031,2025-02-19,4512,Posted
INV00692,C046,2025-03-10,3451,Posted
INV00693,C048,2025-04-14,3960,Pending
INV00694,C032,2025-06-28,2050,Posted
INV00695,C088,2025-01-21,459,Posted
INV00696,C052,2025-04-08,3289,Pending
INV00697,C061,2025-01-15,277,Pending
INV00698,C022,2025-01-22,4294,Posted
INV00699,C083,2025-03-26,4835,Posted
INV00700,C068,2025-01-11,2082,Posted
INV00701,C089,2025-05-26,4095,Posted
INV00702,C006,2025-01-20,2496,Posted
INV00703,C073,2025-06-18,469,Posted
INV00704,C041,2025-01-05,1897,Pending
INV00705,C019,2025-04-12,830,Posted
INV00706,C021,2025-05-25,2169,Pending
INV00707,C050,2025-06-23,4628,Posted
INV00708,C050,2025-02-05,842,Posted
INV00709,C096,2025-03-30,639,Posted
INV00710,C056,2025-03-01,822,Posted
INV00711,C078,2025-06-07,3449,Failed
INV00712,C042,2025-01-08,2439,Posted
INV00713,C063,2025-02-28,3114,Pending
INV00714,C049,2025-04-21,1721,Pending
INV00715,C075,2025-06-19,3313,Posted
INV00716,C099,2025-06-08,2619,Posted
INV00717,C092,2025-01-19,872,Posted
INV00718,C020,2025-04-08,1463,Failed
INV00719,C050,2025-03-23,3154,Posted
INV00720,C012,2025-01-02,2725,Posted
INV00721,C047,2025-03-11,1037,Posted
INV00722,C012,2025-02-17,3730,Posted
INV00723,C072,2025-05-23,4397,Posted
INV00724,C014,2025-01-07,934,Posted
INV00725,C071,2025-01-24,2857,Posted
INV00726,C002,2025-03-16,3589,Posted
INV00727,C100,2025-01-22,4783,Posted
INV00728,C074,2025-05-14,1589,Pending
INV00729,C049,2025-02-13,1337,Posted
INV00730,C039,2025-03-10,4239,Posted
INV00731,C009,2025-02-12,3760,Posted
INV00732,C054,2025-03-18,4166,Posted
INV00733,C047,2025-03-06,2220,Failed
INV00734,C081,2025-05-07,1801,Posted
INV00735,C014,2025-02-04,2695,Posted
INV00736,C051,2025-03-27,3312,Posted
INV00737,C057,2025-03-27,3727,Pending
INV00738,C077,2025-02-04,2661,Posted
INV00739,C078,2025-06-27,1845,Posted
INV00740,C041,2025-02-15,3462,Posted
INV00741,C038,2025-06-27,4222,Pending
INV00742,C032,2025-03-25,3280,Posted
INV00743,C051,2025-04-04,1132,Pending
INV00744,C026,2025-06-01,4669,Posted
INV00745,C088,2025-05-21,420,Failed
INV00746,C060,2025-02-23,3791,Posted
INV00747,C089,2025-01-18,3551,Pending
INV00748,C064,2025-02-05,2680,Posted
INV00749,C033,2025-06-18,1462,Failed
INV00750,C055,2025-04-07,805,Posted
INV00751,C077,2025-05-03,4969,Posted
INV00752,C069,2025-05-10,3626,Posted
INV00753,C005,2025-04-03,4598,Pending
INV00754,C082,2025-01-22,1095,Failed
INV00755,C032,2025-06-18,3108,Posted
INV00756,C083,2025-06-06,562,Pending
INV00757,C083,2025-06-23,3473,Failed
INV00758,C043,2025-04-21,1067,Posted
INV00759,C013,2025-03-08,2018,Posted
INV00760,C096,2025-05-13,4771,Pending
INV00761,C089,2025-05-28,2010,Posted
INV00762,C048,2025-04-11,3993,Failed
INV00763,C087,2025-05-31,4299,Posted
INV00764,C045,2025-01-07,4154,Posted
INV00765,C038,2025-04-17,903,Posted
INV00766,C094,2025-02-06,3053,Posted
INV00767,C044,2025-04-27,1894,Posted
INV00768,C062,2025-03-31,4100,Posted
INV00769,C057,2025-06-28,3906,Posted
INV00770,C009,2025-03-18,566,Failed
INV00771,C015,2025-01-06,3010,Pending
INV00772,C014,2025-06-23,1546,Failed
INV00773,C032,2025-05-13,1629,Pending
INV00774,C021,2025-03-26,4786,Posted
INV00775,C060,2025-03-01,3518,Pending
INV00776,C024,2025-02-17,3740,Posted
INV00777,C004,2025-06-07,1816,Posted
INV00778,C076,2025-04-20,3385,Posted
INV00779,C091,2025-02-24,1885,Posted
INV00780,C097,2025-06-30,712,Pending
INV00781,C014,2025-05-18,1731,Posted
INV00782,C042,2025-02-20,3948,Posted
INV00783,C034,2025-06-21,4209,Posted
INV00784,C082,2025-03-22,3383,Pending
INV00785,C051,2025-05-31,1135,Posted
INV00786,C046,2025-04-28,1613,Pending
INV00787,C091,2025-03-18,894,Pending
INV00788,C018,2025-03-22,1165,Posted
INV00789,C040,2025-01-30,1699,Posted
INV00790,C089,2025-02-06,4384,Posted
INV00791,C054,2025-06-02,1329,Pending
INV00792,C050,2025-04-19,1721,Posted
INV00793,C082,2025-05-18,1619,Pending
INV00794,C022,2025-05-06,2566,Posted
INV00795,C024,2025-03-22,3894,Pending
INV00796,C007,2025-04-02,278,Posted
INV00797,C018,2025-02-19,3345,Pending
INV00798,C065,2025-06-17,4254,Posted
INV00799,C088,2025-05-06,3604,Failed
INV00800,C057,2025-05-06,1570,Posted
INV00801,C073,2025-01-08,2006,Posted
INV00802,C005,2025-03-12,2041,Posted
INV00803,C037,2025-02-13,3946,Pending
INV00804,C096,2025-05-07,4703,Posted
INV00805,C015,2025-05-27,1135,Posted
INV00806,C100,2025-05-20,3205,Posted
INV00807,C097,2025-01-11,3815,Posted
INV00808,C028,2025-04-19,1038,Failed
INV00809,C084,2025-03-05,2638,Posted
INV00810,C058,2025-03-09,3055,Posted
INV00811,C057,2025-01-31,2141,Posted
INV00812,C095,2025-05-31,3072,Failed
INV00813,C079,2025-06-11,3707,Posted
INV00814,C079,2025-02-05,1892,Posted
INV00815,C008,2025-05-26,3073,Posted
INV00816,C036,2025-06-02,4613,Posted
INV00817,C042,2025-06-30,2597,Posted
INV00818,C074,2025-03-10,4414,Pending
INV00819,C013,2025-02-04,3571,Posted
INV00820,C036,2025-06-17,1239,Pending
INV00821,C017,2025-03-05,1398,Failed
INV00822,C042,2025-03-05,3417,Posted
INV00823,C019,2025-05-28,2401,Pending
INV00824,C054,2025-04-07,3902,Posted
INV00825,C082,2025-01-24,3500,Posted
INV00826,C096,2025-03-13,3223,Posted
INV00827,C063,2025-03-25,4967,Posted
INV00828,C100,2025-01-24,3955,Pending
INV00829,C086,2025-06-28,3134,Posted
INV00830,C069,2025-04-12,1984,Posted
INV00831,C028,2025-05-07,2399,Posted
INV00832,C037,2025-03-28,4683,Pending
INV00833,C017,2025-05-25,4175,Posted
INV00834,C088,2025-01-13,576,Posted
INV00835,C081,2025-04-28,333,Posted
INV00836,C021,2025-04-23,3939,Posted
INV00837,C055,2025-02-21,1280,Pending
INV00838,C039,2025-02-10,2444,Posted
INV00839,C084,2025-04-03,2251,Posted
INV00840,C048,2025-06-20,1555,Posted
INV00841,C051,2025-06-10,2702,Failed
INV00842,C090,2025-03-01,3716,Pending
INV00843,C012,2025-06-30,979,Posted
INV00844,C028,2025-05-03,838,Posted
INV00845,C076,2025-02-27,4455,Pending
INV00846,C057,2025-01-03,266,Pending
INV00847,C044,2025-01-31,3659,Pending
INV00848,C017,2025-05-03,780,Posted
INV00849,C050,2025-01-23,1039,Posted
INV00850,C041,2025-04-05,2651,Posted
INV00851,C049,2025-02-04,1370,Posted
INV00852,C068,2025-05-25,269,Pending
INV00853,C084,2025-02-12,3805,Posted
INV00854,C093,2025-02-24,1440,Posted
INV00855,C079,2025-06-25,3824,Posted
INV00856,C012,2025-01-26,1346,Failed
INV00857,C016,2025-05-31,3345,Posted
INV00858,C055,2025-03-22,1345,Posted
INV00859,C036,2025-06-15,890,Posted
INV00860,C071,2025-06-03,2534,Failed
INV00861,C089,2025-01-07,2671,Posted
INV00862,C067,2025-06-05,4374,Posted
INV00863,C096,2025-04-11,2621,Pending
INV00864,C007,2025-03-03,4254,Posted
INV00865,C015,2025-03-03,4292,Pending
INV00866,C077,2025-01-19,4527,Posted
INV00867,C047,2025-03-23,1281,Posted
INV00868,C073,2025-04-18,3193,Posted
INV00869,C088,2025-02-14,4058,Failed
INV00870,C010,2025-01-05,753,Posted
INV00871,C034,2025-02-25,526,Posted
INV00872,C051,2025-05-10,2546,Pending
INV00873,C092,2025-05-09,3603,Posted
INV00874,C090,2025-04-13,875,Pending
INV00875,C069,2025-05-18,1450,Posted
INV00876,C011,2025-03-21,847,Posted
INV00877,C027,2025-02-09,4594,Posted
INV00878,C051,2025-05-31,741,Posted
INV00879,C090,2025-04-22,2154,Posted
INV00880,C032,2025-01-23,3759,Posted
INV00881,C059,2025-06-06,650,Posted
INV00882,C086,2025-06-18,1638,Posted
INV00883,C002,2025-02-05,292,Posted
INV00884,C064,2025-03-30,4484,Posted
INV00885,C093,2025-03-08,1567,Posted
INV00886,C017,2025-03-10,1167,Failed
INV00887,C004,2025-03-27,3717,Posted
INV00888,C068,2025-01-17,2354,Failed
INV00889,C074,2025-06-10,831,Posted
INV00890,C059,2025-05-11,3150,Posted
INV00891,C064,2025-05-26,1567,Posted
INV00892,C021,2025-03-07,1042,Pending
INV00893,C087,2025-01-30,2071,Failed
INV00894,C066,2025-01-01,560,Posted
INV00895,C032,2025-01-12,4064,Posted
INV00896,C050,2025-02-08,1666,Posted
INV00897,C071,2025-06-17,3635,Posted
INV00898,C042,2025-03-05,3609,Failed
INV00899,C041,2025-03-11,838,Pending
INV00900,C048,2025-01-31,4312,Pending
INV00901,C007,2025-02-15,2028,Posted
INV00902,C006,2025-04-13,764,Posted
INV00903,C037,2025-03-21,2881,Posted
INV00904,C071,2025-04-27,265,Posted
INV00905,C026,2025-03-16,4818,Posted
INV00906,C095,2025-06-09,2187,Posted
INV00907,C048,2025-06-01,4241,Failed
INV00908,C100,2025-02-20,4677,Failed
INV00909,C032,2025-02-08,252,Posted
INV00910,C004,2025-03-01,4636,Posted
INV00911,C082,2025-06-27,278,Posted
INV00912,C001,2025-06-18,3282,Failed
INV00913,C094,2025-03-20,1051,Posted
INV00914,C068,2025-03-02,3639,Posted
INV00915,C008,2025-02-06,2492,Posted
INV00916,C006,2025-03-01,4457,Posted
INV00917,C090,2025-04-06,3955,Failed
INV00918,C011,2025-05-29,982,Posted
INV00919,C018,2025-06-13,3430,Posted
INV00920,C076,2025-05-26,710,Posted
INV00921,C085,2025-02-03,2139,Posted
INV00922,C034,2025-03-22,3419,Pending
INV00923,C095,2025-03-25,2805,Posted
INV00924,C035,2025-03-01,811,Posted
INV00925,C018,2025-05-30,1092,Posted
INV00926,C014,2025-02-12,3882,Posted
INV00927,C041,2025-04-15,1189,Posted
INV00928,C046,2025-02-23,3902,Posted
INV00929,C060,2025-03-09,1182,Posted
INV00930,C021,2025-06-25,2692,Failed
INV00931,C090,2025-06-04,530,Posted
INV00932,C042,2025-02-07,947,Failed
INV00933,C032,2025-04-02,3446,Posted
INV00934,C007,2025-06-23,2648,Posted
INV00935,C023,2025-01-08,3512,Posted
INV00936,C072,2025-05-21,2246,Posted
INV00937,C060,2025-01-27,1345,Posted
INV00938,C002,2025-01-16,2020,Posted
INV00939,C026,2025-04-13,3249,Pending
INV00940,C081,2025-06-15,888,Pending
INV00941,C076,2025-03-08,814,Posted
INV00942,C009,2025-02-20,3832,Posted
INV00943,C012,2025-03-26,1203,Posted
INV00944,C060,2025-01-13,1576,Pending
INV00945,C056,2025-04-12,4264,Posted
INV00946,C049,2025-06-24,3695,Posted
INV00947,C046,2025-02-24,1733,Posted
INV00948,C036,2025-04-25,1417,Posted
INV00949,C079,2025-06-08,2213,Pending
INV00950,C038,2025-05-08,3575,Pending
INV00951,C062,2025-01-16,918,Posted
INV00952,C050,2025-02-05,3634,Posted
INV00953,C083,2025-05-15,2241,Pending
INV00954,C070,2025-01-05,3333,Failed
INV00955,C046,2025-05-03,4660,Posted
INV00956,C045,2025-05-25,4315,Posted
INV00957,C050,2025-03-11,1673,Posted
INV00958,C041,2025-06-02,1994,Posted
INV00959,C100,2025-03-13,679,Posted
INV00960,C068,2025-04-02,4984,Posted
INV00961,C021,2025-01-26,2230,Pending
INV00962,C031,2025-03-10,4571,Failed
INV00963,C008,2025-02-26,4916,Posted
INV00964,C046,2025-02-14,1642,Posted
INV00965,C076,2025-03-23,3139,Pending
INV00966,C004,2025-06-30,3080,Pending
INV00967,C073,2025-02-06,4812,Posted
INV00968,C064,2025-05-19,2731,Posted
INV00969,C063,2025-01-10,939,Posted
INV00970,C030,2025-06-04,1992,Posted
INV00971,C068,2025-05-03,205,Posted
INV00972,C079,2025-02-21,1268,Posted
INV00973,C092,2025-02-15,2850,Posted
INV00974,C003,2025-02-07,1360,Failed
INV00975,C015,2025-05-15,3189,Posted
INV00976,C048,2025-06-30,3440,Pending
INV00977,C013,2025-03-28,2672,Posted
INV00978,C018,2025-02-10,3778,Pending
INV00979,C063,2025-06-16,2799,Posted
INV00980,C091,2025-05-24,3123,Posted
INV00981,C086,2025-05-31,1636,Posted
INV00982,C040,2025-06-26,2612,Posted
INV00983,C023,2025-01-01,4892,Posted
INV00984,C099,2025-05-26,465,Posted
INV00985,C078,2025-03-23,2009,Pending
INV00986,C073,2025-01-27,4264,Posted
INV00987,C043,2025-01-20,2149,Posted
INV00988,C041,2025-02-12,926,Failed
INV00989,C086,2025-06-13,2950,Posted
INV00990,C002,2025-03-09,1917,Posted
INV00991,C089,2025-01-18,3071,Posted
INV00992,C014,2025-01-01,594,Posted
INV00993,C057,2025-04-18,1562,Posted
INV00994,C064,2025-04-07,3077,Posted
INV00995,C049,2025-01-26,4127,Pending
INV00996,C084,2025-06-25,2047,Posted
INV00997,C058,2025-01-19,473,Posted
INV00998,C003,2025-03-23,2339,Posted
INV00999,C010,2025-03-29,1593,Posted
INV01000,C021,2025-01-20,4681,Posted
