TransactionID,OrderID,TransactionDate,PaymentMethod,PaymentStatus,TransactionAmount
1,1,2025-09-03,Debit Card,Success,20306.26
2,2,2025-09-25,Net Banking,Pending,4505.36
3,3,2025-10-21,UPI,Success,71502.39
4,4,2025-08-07,Net Banking,Pending,45970.36
5,5,2025-10-22,Credit Card,Failed,93171.19
6,6,2026-04-28,Debit Card,Success,39598.98
7,7,2026-03-18,Debit Card,Pending,33969.16
8,8,2025-09-12,Net Banking,Pending,56510.96
9,9,2025-11-25,Net Banking,Success,37151.6
10,10,2025-12-29,UPI,Failed,58578.36
11,11,2025-12-22,UPI,Pending,47721.73
12,12,2025-12-13,Credit Card,Pending,5609.84
13,13,2026-02-10,Net Banking,Success,52661.12
14,14,2025-10-30,Net Banking,Success,82255.3
15,15,2025-10-31,Credit Card,Success,57470.74
16,16,2026-04-17,UPI,Success,2384.27
17,17,2025-08-17,Debit Card,Failed,15567.41
18,18,2025-09-15,Credit Card,Failed,50431.04
19,19,2026-04-11,Net Banking,Pending,72876.51
20,20,2025-12-30,Credit Card,Pending,21130.5
21,21,2025-06-19,Debit Card,Pending,48097.91
22,22,2026-01-09,Net Banking,Failed,95690.21
23,23,2026-02-09,Net Banking,Pending,34561.54
24,24,2025-11-17,Debit Card,Pending,77312.98
25,25,2025-08-11,Debit Card,Pending,48675.92
26,26,2025-05-26,Credit Card,Failed,56029.62
27,27,2026-03-02,Credit Card,Failed,77231.84
28,28,2026-01-09,Credit Card,Pending,70646.33
29,29,2026-02-26,Debit Card,Failed,35205.92
30,30,2026-02-18,Debit Card,Failed,12626.47
31,31,2025-07-24,Net Banking,Failed,81928.56
32,32,2025-11-09,Credit Card,Failed,4685.62
33,33,2025-10-16,UPI,Failed,92438.96
34,34,2025-07-14,Debit Card,Pending,48168.39
35,35,2026-04-23,Credit Card,Pending,27477.71
36,36,2025-10-29,Debit Card,Success,11368.04
37,37,2025-11-09,Credit Card,Success,5551.16
38,38,2025-08-04,Credit Card,Pending,23667.24
39,39,2025-09-15,UPI,Failed,33364.22
40,40,2026-01-29,Net Banking,Success,68278.6
41,41,2026-01-07,Credit Card,Success,96469.62
42,42,2026-03-05,Credit Card,Failed,65462.83
43,43,2026-03-06,Net Banking,Failed,65228.6
44,44,2025-12-09,Debit Card,Failed,28898.83
45,45,2025-12-10,UPI,Success,65403.72
46,46,2025-12-02,Credit Card,Pending,73999.31
47,47,2025-07-21,UPI,Success,42079.56
48,48,2026-01-26,Credit Card,Success,99718.59
49,49,2025-07-15,Net Banking,Failed,19038.01
50,50,2026-02-19,Debit Card,Success,1422.08
51,51,2025-09-07,UPI,Failed,28813.88
52,52,2026-03-26,Net Banking,Success,85180.44
53,53,2025-07-05,Net Banking,Failed,19684.73
54,54,2026-03-28,UPI,Failed,16668.18
55,55,2025-11-24,Net Banking,Pending,26097.86
56,56,2025-12-15,Credit Card,Success,73793.48
57,57,2025-09-15,Debit Card,Pending,67602.91
58,58,2026-01-05,Credit Card,Success,61289.97
59,59,2026-01-07,Net Banking,Failed,51770.43
60,60,2025-12-29,UPI,Failed,67090.96
61,61,2025-08-24,Credit Card,Success,48006.68
62,62,2026-04-22,Credit Card,Success,26448.14
63,63,2025-10-17,Credit Card,Failed,75498.79
64,64,2025-09-12,Debit Card,Failed,58454.84
65,65,2025-06-21,UPI,Failed,65541.5
66,66,2026-05-13,Credit Card,Success,66944.72
67,67,2025-05-29,Net Banking,Failed,16391.82
68,68,2026-05-23,Debit Card,Pending,12182.87
69,69,2026-02-03,Debit Card,Failed,61655.23
70,70,2025-10-31,Credit Card,Success,48079.1
71,71,2025-08-22,Net Banking,Pending,98889.38
72,72,2026-01-18,Debit Card,Failed,70343.1
73,73,2025-06-17,Net Banking,Pending,80298.5
74,74,2025-06-06,Credit Card,Success,68194.02
75,75,2025-11-09,UPI,Pending,44951.42
76,76,2026-01-13,Debit Card,Success,91765.85
77,77,2025-07-21,UPI,Success,82963.02
78,78,2025-11-29,Credit Card,Pending,53897.69
79,79,2026-04-16,Credit Card,Failed,85521.36
80,80,2025-07-15,Net Banking,Success,68189.38
81,81,2026-03-16,Net Banking,Success,89939.49
82,82,2025-11-30,Net Banking,Success,45616.51
83,83,2026-02-19,Net Banking,Failed,56609.16
84,84,2026-03-10,Net Banking,Pending,80788.08
85,85,2025-08-04,UPI,Failed,25818.49
86,86,2025-06-21,UPI,Pending,22181.18
87,87,2025-06-23,UPI,Success,42657.89
88,88,2025-12-04,UPI,Pending,99415.3
89,89,2025-10-13,UPI,Failed,3657.62
90,90,2025-11-07,Net Banking,Success,77012.72
91,91,2026-05-23,Net Banking,Failed,99289.23
92,92,2025-12-07,Net Banking,Failed,87027.22
93,93,2025-09-20,Net Banking,Failed,8484.87
94,94,2025-12-30,Credit Card,Pending,86098.51
95,95,2026-01-25,UPI,Success,99288.25
96,96,2026-01-15,Net Banking,Pending,13171.04
97,97,2025-11-13,Credit Card,Success,75739.85
98,98,2025-12-30,Debit Card,Failed,67513.24
99,99,2026-03-13,Net Banking,Pending,38238.01
100,100,2025-09-01,Credit Card,Success,46332.22
101,101,2026-04-29,Credit Card,Failed,19253.8
102,102,2025-09-11,UPI,Success,81043.08
103,103,2025-10-22,Net Banking,Pending,76722.32
104,104,2025-10-24,UPI,Success,21005.12
105,105,2025-12-01,UPI,Pending,3840.84
106,106,2026-04-15,UPI,Success,74183.84
107,107,2026-03-10,Net Banking,Failed,23816.76
108,108,2025-06-25,Credit Card,Success,14443.49
109,109,2025-10-24,Debit Card,Success,81670.73
110,110,2025-12-12,Debit Card,Pending,59992.81
111,111,2026-01-22,Debit Card,Success,30525.56
112,112,2025-07-21,Credit Card,Pending,52364.48
113,113,2025-07-25,Net Banking,Failed,27877.82
114,114,2026-01-15,Credit Card,Pending,68035.64
115,115,2026-03-02,Net Banking,Success,97242.88
116,116,2025-06-12,Net Banking,Pending,32214.08
117,117,2026-05-10,Net Banking,Failed,15347.15
118,118,2026-03-14,Net Banking,Success,75564.4
119,119,2025-07-14,Net Banking,Success,85009.42
120,120,2025-09-21,Debit Card,Pending,14863.0
121,121,2025-10-23,Net Banking,Success,56457.4
122,122,2026-03-23,Net Banking,Pending,53234.19
123,123,2025-11-06,Net Banking,Success,25872.07
124,124,2026-03-29,Debit Card,Pending,8367.51
125,125,2025-06-22,Net Banking,Failed,9700.17
126,126,2025-07-19,Credit Card,Success,27211.93
127,127,2026-03-28,UPI,Success,19222.25
128,128,2025-08-07,Credit Card,Failed,21284.46
129,129,2026-02-14,Debit Card,Failed,95723.47
130,130,2026-03-10,UPI,Success,93747.4
131,131,2025-07-23,UPI,Pending,99957.41
132,132,2026-03-08,Net Banking,Success,69714.82
133,133,2025-09-14,Credit Card,Failed,91555.08
134,134,2025-07-29,Debit Card,Failed,38375.84
135,135,2026-02-25,Debit Card,Failed,26525.38
136,136,2026-01-01,Net Banking,Failed,10311.52
137,137,2026-04-11,Net Banking,Failed,91475.88
138,138,2025-11-19,Debit Card,Failed,41686.05
139,139,2025-09-05,Credit Card,Pending,15019.31
140,140,2025-11-23,Debit Card,Pending,93508.45
141,141,2026-04-28,Net Banking,Failed,15664.94
142,142,2026-02-11,Debit Card,Success,38294.06
143,143,2025-09-19,Credit Card,Failed,55288.93
144,144,2025-11-10,Debit Card,Failed,76454.38
145,145,2025-07-14,Net Banking,Pending,64348.6
146,146,2026-01-15,Net Banking,Failed,17239.25
147,147,2025-12-28,Debit Card,Success,14425.87
148,148,2025-09-14,Net Banking,Success,91731.49
149,149,2025-09-27,UPI,Pending,3865.46
150,150,2025-07-26,UPI,Pending,5327.18
151,151,2025-12-25,UPI,Failed,14180.41
152,152,2025-10-14,Credit Card,Success,70863.37
153,153,2025-12-01,UPI,Success,50820.43
154,154,2025-08-11,Debit Card,Success,61974.61
155,155,2025-09-04,Net Banking,Pending,49041.51
156,156,2025-07-10,UPI,Pending,55388.53
157,157,2025-10-24,UPI,Success,53177.06
158,158,2025-10-02,Debit Card,Pending,97759.2
159,159,2026-02-26,UPI,Pending,81409.14
160,160,2025-06-07,Net Banking,Success,11148.13
161,161,2026-02-11,UPI,Pending,15315.3
162,162,2026-03-21,Credit Card,Pending,52882.37
163,163,2026-02-08,Debit Card,Failed,79596.17
164,164,2025-10-11,UPI,Failed,95950.13
165,165,2026-03-25,Net Banking,Pending,24699.19
166,166,2025-10-30,Credit Card,Failed,68562.14
167,167,2025-06-28,UPI,Pending,99171.63
168,168,2025-07-03,UPI,Success,40825.19
169,169,2025-09-25,Net Banking,Pending,47862.51
170,170,2026-04-25,UPI,Pending,17552.67
171,171,2025-12-12,Net Banking,Failed,64668.27
172,172,2026-05-04,Debit Card,Pending,97744.26
173,173,2025-10-10,UPI,Pending,91955.65
174,174,2026-01-26,Credit Card,Success,90176.66
175,175,2025-07-01,Net Banking,Failed,5132.92
176,176,2025-09-12,UPI,Pending,92595.69
177,177,2025-10-03,UPI,Success,92912.25
178,178,2025-06-20,Debit Card,Success,96166.18
179,179,2025-06-13,Credit Card,Pending,82179.79
180,180,2025-06-02,UPI,Failed,16663.8
181,181,2025-12-04,Credit Card,Pending,83547.73
182,182,2025-06-22,Net Banking,Pending,89704.31
183,183,2025-12-01,Debit Card,Failed,75683.12
184,184,2025-12-15,Credit Card,Pending,72554.28
185,185,2025-08-14,Debit Card,Success,10219.74
186,186,2025-12-23,Credit Card,Success,34388.98
187,187,2025-08-30,Net Banking,Failed,3447.75
188,188,2026-03-26,Debit Card,Failed,49315.04
189,189,2026-02-15,Debit Card,Pending,94143.71
190,190,2025-11-10,Net Banking,Success,68129.64
191,191,2025-05-26,Net Banking,Success,77330.66
192,192,2026-02-21,Debit Card,Success,71454.3
193,193,2025-11-17,UPI,Failed,15844.99
194,194,2026-01-29,Credit Card,Pending,39267.39
195,195,2026-01-11,Debit Card,Success,9606.28
196,196,2026-02-01,Debit Card,Failed,36311.79
197,197,2025-06-25,Debit Card,Success,13684.45
198,198,2026-04-18,Credit Card,Failed,45159.95
199,199,2026-02-19,Net Banking,Success,3113.06
200,200,2025-11-18,Debit Card,Pending,9759.89
